,Rates,O4 Days to GW,O4 Days to KN,O5 Days to GW,O5 Days to KN
0,178.8612227050863,204.27098674521355,204.27098674521355,51.06774668630339,51.06774668630339
1,290.27958897024683,195.4174228675136,225.2268602540835,8.280399274047188,92.7404718693285
2,101.63224498362348,302.59067357512953,742.2927461139897,70.91968911917098,302.59067357512953
3,96.41461249903304,294.1939890710383,408.879781420765,29.91803278688525,29.91803278688525
4,249.29516144474482,270.0845665961945,517.0190274841437,54.016913319238895,54.016913319238895
5,353.18159021858287,12.248322147651006,12.248322147651006,47.6323639075317,47.6323639075317
6,287.979089152771,75.13723696248857,223.7419945105215,1.6697163769441903,1.6697163769441903
7,137.1074231216481,329.90384615384613,343.9423076923077,24.567307692307693,263.2211538461538
8,225.66685237134314,74.53325554259044,74.53325554259044,21.29521586931155,102.21703617269546
9,439.3042902764229,25.164868105515588,25.164868105515588,25.164868105515588,35.011990407673856
10,311.11314692090735,237.9762912785775,237.9762912785775,54.08552074513124,58.72142252328535
11,228.21385923340793,77.97344110854503,160.16166281755196,59.006928406466514,200.20207852193994
12,166.46770479329894,28.876582278481013,28.876582278481013,0.0,0.0
13,687.8961975680674,78.98314821907314,78.98314821907314,11.882420528533128,49.626579854461895
14,277.751647211987,268.38235294117646,990.4174573055029,31.16698292220114,31.16698292220114
15,103.39561698811838,13.931297709923664,1365.2671755725191,13.931297709923664,13.931297709923664
16,174.86426739604386,225.3765060240964,269.3524096385542,10.993975903614459,10.993975903614459
17,101.43545180363337,260.7142857142857,260.7142857142857,0.0,37.922077922077925
18,243.97666456533383,494.6814254859611,494.6814254859611,23.65010799136069,100.51295896328293
19,189.80667083087658,146.80998613037448,1113.7309292649097,58.21775312066574,58.21775312066574
20,90.00233866397676,1136.622807017544,1200.657894736842,181.43274853801168,320.17543859649123
21,276.8697676857652,20.837297811607993,312.55946717411985,0.0,135.44243577545194
22,119.55844407533048,72.3568281938326,72.3568281938326,72.3568281938326,72.3568281938326
23,203.25361970994865,40.18782383419689,690.2849740932643,30.731865284974095,30.731865284974095
24,175.46910738708314,2.74024024024024,2.74024024024024,2.74024024024024,2.74024024024024
25,242.51701410173914,134.74484256243215,554.8317046688383,9.90770901194354,110.96634093376764
26,191.62641828996053,175.72214580467676,594.9449793672627,112.96423658872077,143.08803301237964
27,371.523923181485,6.471631205673758,6.471631205673758,6.471631205673758,6.471631205673758
28,128.682558468735,205.26584867075664,205.26584867075664,11.196319018404909,41.05316973415133
29,185.2832220183829,23.36415362731152,23.36415362731152,0.0,23.36415362731152
30,128.0738950281112,597.0679012345679,1017.6440329218107,37.55144032921811,45.06172839506173
31,289.6020886849385,234.1446769790719,234.1446769790719,38.19381255686989,89.67242948134668
32,396.69024198945243,33.930942895086325,112.699203187251,27.871845949535192,48.472775564409034
33,278.4308846335835,41.43803216650899,98.41532639545885,1.7265846736045412,34.53169347209082
34,181.22816016268123,549.0915697674418,1347.5290697674418,23.873546511627907,193.640988372093
35,252.51370158290354,253.1021897810219,787.851929092805,22.83628779979145,131.3086548488008
36,292.72305637907164,26.282628262826282,26.282628262826282,26.282628262826282,26.282628262826282
37,192.9281199830693,289.20765027322403,-1.0,19.94535519125683,19.94535519125683
38,178.578640795371,347.2345132743363,374.1519174041298,34.99262536873157,34.99262536873157
39,177.7563636200254,110.85185185185185,110.85185185185185,27.037037037037038,27.037037037037038
40,133.85364525829286,14.37007874015748,294.5866141732283,21.55511811023622,21.55511811023622
41,161.2027695782341,122.26307189542483,217.68790849673204,32.802287581699346,122.26307189542483
42,186.8554814842633,23.166431593794076,23.166431593794076,5.1480959097320165,5.1480959097320165
43,424.0589253492429,7.934782608695652,7.934782608695652,14.736024844720497,14.736024844720497
44,102.22444077852671,155.21907216494847,155.21907216494847,37.628865979381445,155.21907216494847
45,293.09959620885803,16.397124887690925,16.397124887690925,16.397124887690925,104.94159928122193
46,182.5125976797406,231.74603174603175,231.74603174603175,23.701298701298704,23.701298701298704
47,256.9756157524942,243.08401639344265,648.8473360655738,29.91803278688525,37.397540983606554
48,167.78106436438662,263.57927786499215,263.57927786499215,63.029827315541596,63.029827315541596
49,386.2205766302989,155.6105047748977,324.9147339699864,16.18349249658936,37.346521145975444
50,134.76375852306296,752.099609375,848.33984375,78.41796875,185.3515625
51,221.79533291044598,234.08551068883614,234.08551068883614,8.669833729216153,223.2482185273159
52,174.95954390674106,24.73644578313253,151.16716867469881,24.73644578313253,27.484939759036145
53,176.50406851983132,73.54477611940298,321.4179104477612,10.895522388059701,321.4179104477612
54,113.93675055717702,33.71824480369515,269.7459584295612,16.859122401847575,16.859122401847575
55,168.12957328140303,303.2131661442006,594.9843260188087,40.04702194357367,114.42006269592476
56,227.43548908525307,177.6361529548088,177.6361529548088,6.3441483198146,6.3441483198146
57,250.32859750082613,86.44736842105263,86.44736842105263,38.421052631578945,65.3157894736842
58,556.7806866379541,55.25070955534532,55.25070955534532,18.129139072847682,18.129139072847682
59,155.75334352179976,24.70389170896785,376.7343485617597,24.70389170896785,95.72758037225043
60,145.06645415954324,16.560798548094375,1404.355716878403,76.17967332123412,218.60254083484574
61,157.09639517024743,67.36577181208054,140.85570469798657,6.124161073825503,6.124161073825503
62,129.67483617082996,159.5020325203252,159.5020325203252,40.802845528455286,59.34959349593497
63,234.5499968309971,155.8426966292135,237.86516853932585,24.60674157303371,69.71910112359551
64,116.32518431972308,437.66968325791856,437.66968325791856,49.547511312217196,123.86877828054298
65,93.94233553123532,132.91316526610646,132.91316526610646,30.672268907563023,30.672268907563023
66,467.14326059205973,60.73040045121263,60.73040045121263,22.64523406655386,60.73040045121263
67,361.2980348522967,391.07142857142856,391.07142857142856,18.622448979591834,18.622448979591834
68,403.804043098264,29.76190476190476,38.095238095238095,16.666666666666664,29.76190476190476
69,213.70683696632955,31.504315659679406,186.77558569667076,31.504315659679406,117.01602959309494
70,108.05522594286265,102.3780487804878,102.3780487804878,31.158536585365855,146.89024390243904
71,269.42878857182006,85.63049853372434,85.63049853372434,33.89540566959922,37.4633431085044
72,202.63689284570322,605.1690507152146,605.1690507152146,37.97139141742523,78.31599479843953
73,265.8497905455698,94.05351833498513,94.05351833498513,0.0,0.0
74,122.39523808009606,15.698924731182796,15.698924731182796,0.0,0.0
75,193.9993453547566,823.2336956521739,823.2336956521739,34.714673913043484,34.714673913043484
76,132.18059221154954,250.84661354581672,290.8366533864542,43.625498007968126,76.34462151394422
77,190.78811439685614,519.267955801105,1267.921270718232,10.082872928176796,10.082872928176796
78,246.0573563136016,64.48072805139186,203.2119914346895,42.98715203426124,64.48072805139186
79,160.3885439610725,212.76683087027914,239.73727422003284,38.95730706075534,38.95730706075534
80,244.01762984212564,193.1425485961123,193.1425485961123,3.941684665226782,3.941684665226782
81,282.14048904263075,374.8832866479925,470.3081232492997,56.23249299719888,56.23249299719888
82,143.30067522933427,791.7279411764706,818.5661764705883,10.064338235294118,10.064338235294118
83,228.05225939228097,238.13510392609697,301.3568129330254,23.181293302540414,118.01385681293303
84,277.7122559680869,129.86242884250473,129.86242884250473,25.97248576850095,25.97248576850095
85,223.56343335326864,6.448763250883392,947.9681978798587,0.0,348.2332155477032
86,237.81396462247088,10.105204872646734,10.105204872646734,10.105204872646734,10.105204872646734
87,267.11993262611963,1.799802761341223,1101.4792899408283,1.799802761341223,19.797830374753453
88,157.34885314029916,424.9162479061976,1179.9832495812395,88.65159128978225,201.75879396984925
89,114.913783813907,1188.7614678899083,-1.0,33.48623853211009,33.48623853211009
90,365.22214592645855,167.22582972582973,167.22582972582973,17.11760461760462,39.5021645021645
91,279.92650627522073,303.8805268109125,314.18156161806206,8.584195672624647,113.31138287864535
92,164.29690426704983,494.2708333333333,-1.0,11.698717948717949,11.698717948717949
93,248.5962513119982,334.4544491525424,334.4544491525424,17.39936440677966,44.465042372881356
94,227.92817927154516,109.71098265895954,132.91907514450867,14.76878612716763,25.31791907514451
95,222.48083855127538,617.6923076923077,617.6923076923077,19.437869822485208,41.03550295857988
96,292.93413440479605,57.44154676258992,180.53057553956833,11.488309352517986,36.106115107913666
97,279.9758391526808,5.1505174035747885,509.901222953904,5.1505174035747885,15.451552210724364
98,143.6315495918242,50.22935779816514,50.22935779816514,20.091743119266056,113.85321100917432
99,155.23506238986306,331.5365025466893,470.96774193548384,0.0,0.0
100,364.6363590035075,1.3186416184971097,1.3186416184971097,0.0,15.823699421965316
101,168.65263064178328,1682.421875,1682.421875,11.40625,131.171875
102,188.13360249170557,350.17507002801125,350.17507002801125,7.668067226890756,51.12044817927171
103,156.58729004291172,147.4747474747475,147.4747474747475,0.0,322.6010101010101
104,93.92325028581085,1129.7619047619048,1129.7619047619048,10.224089635854341,10.224089635854341
105,177.32907502708647,509.8068350668648,1030.4606240713224,13.558692421991084,32.5408618127786
106,173.28832259246906,146.99848024316108,146.99848024316108,122.03647416413374,122.03647416413374
107,202.13567371755124,130.86701434159062,130.86701434159062,42.82920469361147,42.82920469361147
108,165.71651973423587,127.66295707472177,441.0174880763116,29.01430842607313,29.01430842607313
109,69.32550890989722,-1.0,-1.0,34.69581749049429,55.51330798479088
110,141.65832241116135,135.68773234200745,135.68773234200745,20.353159851301115,33.92193308550186
111,227.08547242651352,63.51508120649652,899.7969837587008,21.171693735498838,63.51508120649652
112,221.10341912632944,311.0548271752086,311.0548271752086,160.96543504171632,311.0548271752086
113,132.00226070648773,648.4031936127744,805.0399201596806,47.355289421157686,367.9141716566866
114,226.6250578564453,12.732558139534884,12.732558139534884,12.732558139534884,12.732558139534884
115,291.020262535391,51.199095022624434,317.10407239819006,33.0316742081448,49.547511312217196
116,163.3773728745665,309.0725806451613,668.1854838709678,61.81451612903226,250.2016129032258
117,271.55116636262875,281.45004849660523,437.22114451988364,24.78176527643065,24.78176527643065
118,242.7942855696147,158.35140997830803,629.4468546637744,17.814533622559654,17.814533622559654
119,406.92031997322295,229.15857605177996,328.3818770226537,47.249190938511326,47.249190938511326
120,125.68332518997971,516.5094339622641,638.9412997903564,3.825995807127883,130.083857442348
121,122.24631764621422,102.26293103448276,102.26293103448276,15.732758620689655,15.732758620689655
122,143.9995823828303,1007.5868372943327,1468.0073126142595,3.3363802559414992,3.3363802559414992
123,113.25773270592475,1744.360465116279,-1.0,38.19767441860465,38.19767441860465
124,79.44891637135783,1099.8344370860927,-1.0,96.6887417218543,199.4205298013245
125,173.48128596676972,390.47799696509867,390.47799696509867,33.23216995447648,157.85280728376327
126,180.49673393520138,759.3065693430657,759.3065693430657,39.96350364963504,39.96350364963504
127,218.3453672674445,138.69119420989142,398.4620024125452,41.82750301568154,41.82750301568154
128,357.1018780331026,41.72197640117994,41.72197640117994,6.729351032448378,6.729351032448378
129,326.77160850781326,2.943548387096774,60.34274193548387,0.0,0.0
130,220.92039694429243,8.70083432657926,8.70083432657926,2.175208581644815,6.5256257449344455
131,104.67859204798567,41.3727959697733,41.3727959697733,41.3727959697733,174.6851385390428
132,182.37569898362796,68.56936416184972,68.56936416184972,7.911849710982658,36.921965317919074
133,249.93151438521224,548.0769230769231,709.6153846153846,9.615384615384615,25.0
134,98.92046822091787,257.2473404255319,257.2473404255319,48.537234042553195,48.537234042553195
135,159.10192467289076,217.54966887417217,737.2516556291391,24.172185430463575,69.49503311258279
136,150.4361640235131,584.8949211908932,584.8949211908932,6.392294220665499,6.392294220665499
137,359.27509692481607,159.2192082111437,159.2192082111437,0.0,0.0
138,265.7005655295624,195.34192269573836,567.9385530227948,0.0,0.0
139,210.60758158060256,98.09375,98.09375,9.125,61.59375000000001
140,191.7853613897764,127.85027472527473,127.85027472527473,0.0,130.35714285714286
141,203.16158381464885,14.202334630350196,416.6018158236057,14.202334630350196,14.202334630350196
142,158.770308663981,130.14096185737975,965.4643449419569,3.0265339966832503,130.14096185737975
143,499.18769451952704,12.519788918205805,12.519788918205805,12.519788918205805,51.042216358839056
144,386.8117215409232,300.85149863760216,499.7615803814714,33.566076294277934,116.85967302452316
145,175.4485554590897,84.94744744744744,545.3078078078078,71.24624624624624,73.98648648648648
146,318.72037557914456,286.57024793388433,286.57024793388433,6.033057851239669,6.033057851239669
147,197.57648381865747,7.3,7.3,7.3,7.3
148,139.8953295604153,436.4877589453861,436.4877589453861,34.36911487758945,34.36911487758945
149,155.6058419620713,200.7191201353638,200.7191201353638,33.967851099830796,33.967851099830796
150,145.3425720782164,29.755434782608695,152.08333333333331,29.755434782608695,152.08333333333331
151,108.72448074215828,61.86440677966102,106.05326876513318,35.351089588377725,517.0096852300243
152,346.63632690812676,90.14057750759878,281.5159574468085,23.575227963525837,48.537234042553195
153,217.09298163412925,172.75485436893203,172.75485436893203,99.66626213592232,99.66626213592232
154,171.96049119191704,61.48545176110261,556.1638591117918,61.48545176110261,86.6385911179173
155,243.95312657320483,43.3585313174946,244.3844492440605,3.941684665226782,3.941684665226782
156,181.31521159176097,241.38808139534885,241.38808139534885,5.305232558139535,5.305232558139535
157,109.47373059853109,263.2211538461538,263.2211538461538,70.1923076923077,70.1923076923077
158,143.4593362989035,354.954128440367,1078.256880733945,63.62385321100918,1011.2844036697248
159,321.9655282312335,0.0,0.0,0.0,0.0
160,265.5424926185739,228.125,228.125,21.726190476190474,21.726190476190474
161,505.02612303189653,32.368283776734486,139.9452269170579,24.75221700573813,24.75221700573813
162,371.2389351087017,58.28601845280341,168.3818310858765,2.5904897090134846,2.5904897090134846
163,471.4311798667717,123.3659217877095,328.2960893854749,14.273743016759777,14.273743016759777
164,296.3839510953951,27.57777777777778,27.57777777777778,27.57777777777778,35.68888888888889
165,293.9684458118888,70.31810035842294,99.75358422939068,8.17652329749104,70.31810035842294
166,215.58032333197932,232.02933985330074,495.2933985330073,156.17359413202934,216.4119804400978
167,293.0616736204108,54.110512129380055,54.110512129380055,9.838274932614556,67.22821203953279
168,173.34863704329481,49.924012158054715,52.69756838905775,30.509118541033434,49.924012158054715
169,170.23916004105146,98.87770897832817,98.87770897832817,48.026315789473685,64.97678018575851
170,359.5533401973614,98.93772893772893,318.2051282051282,0.0,6.684981684981685
171,119.98752942811383,116.31868131868131,725.9890109890109,116.31868131868131,240.65934065934067
172,324.10382720884206,275.9756097560975,275.9756097560975,16.321138211382113,16.321138211382113
173,190.83635235970354,131.07734806629833,131.07734806629833,12.603591160220994,12.603591160220994
174,400.79382039424763,39.569645203679364,212.2371879106439,2.3981603153745072,2.3981603153745072
175,117.86570269357513,828.8031319910514,828.8031319910514,195.9731543624161,195.9731543624161
176,307.2848071333961,473.8431876606684,473.8431876606684,7.8191945158526135,7.8191945158526135
177,157.33964094432025,125.33500837520937,125.33500837520937,6.11390284757119,6.11390284757119
178,279.2832904942357,49.92924528301887,165.2830188679245,13.773584905660378,49.92924528301887
179,183.92553640782518,172.56446991404013,177.79369627507162,41.833810888252145,162.1060171919771
180,216.87797152586455,33.26245443499392,414.6719319562576,26.60996354799514,35.47995139732685
181,208.00042162099416,224.08227848101265,258.7341772151899,110.88607594936708,237.94303797468353
182,166.36124001484615,314.75474683544303,808.5443037974683,0.0,54.86550632911393
183,114.82800467683747,142.3165137614679,142.3165137614679,41.857798165137616,142.3165137614679
184,178.658103044875,823.6725663716813,823.6725663716813,8.075221238938052,69.98525073746313
185,182.510895195235,94.80519480519482,94.80519480519482,13.167388167388168,13.167388167388168
186,390.55624767739414,78.75927174645987,113.21645313553607,2.461227242076871,36.91840863115307
187,499.82746055789227,100.05271481286242,100.05271481286242,18.27886136004217,18.27886136004217
188,159.04586595864572,341.432119205298,341.432119205298,15.107615894039736,111.79635761589404
189,258.2311944538282,147.1173469387755,147.1173469387755,3.724489795918368,111.73469387755102
190,172.6458172215921,367.78625954198475,-1.0,33.4351145038168,33.4351145038168
191,235.9691144483626,277.00892857142856,344.22433035714283,20.368303571428573,95.73102678571429
192,224.2719861575327,463.21974148061105,531.8448883666275,8.578143360752057,8.578143360752057
193,168.33240741127756,17.136150234741784,17.136150234741784,17.136150234741784,17.136150234741784
194,271.0163285252038,150.75315840621963,266.03498542274053,19.509232264334305,51.43343051506317
195,105.58257836456605,0.0,0.0,4.551122194513716,145.6359102244389
196,143.38159623317364,449.5404411764706,449.5404411764706,26.838235294117645,251.60845588235296
197,239.78566861731076,90.24725274725274,647.7747252747253,32.08791208791209,38.1043956043956
198,221.4780941820132,52.08085612366231,648.8406658739596,34.7205707491082,145.39239001189063
199,255.592985290702,28.221649484536083,28.221649484536083,28.221649484536083,28.221649484536083
200,268.2932372266865,320.5839057899902,463.8616290480864,26.864573110893033,75.22080471050049
201,113.83278602838561,291.49305555555554,536.5162037037037,8.449074074074074,88.71527777777779
202,126.31394112235452,-1.0,-1.0,38.02083333333333,49.427083333333336
203,267.76629944768945,279.94100294985253,705.23598820059,0.0,122.02556538839724
204,179.11741124347606,93.93382352941175,335.4779411764706,8.051470588235293,53.67647058823529
205,168.9783548582588,133.81435257410297,133.81435257410297,148.04992199687987,185.06240249609985
206,232.20207288372828,82.86038592508513,258.938706015891,33.14415437003405,33.14415437003405
207,244.80219164893796,214.1280947255113,243.59526372443486,25.53821313240043,25.53821313240043
208,230.2044214131288,14.616704805491992,14.616704805491992,12.528604118993135,14.616704805491992
209,190.30944126170928,80.88642659279779,1028.7742382271467,25.277008310249307,25.277008310249307
210,138.72296804188008,238.94686907020872,661.4326375711574,3.462998102466793,41.55597722960152
211,238.1473618342917,12.112831858407079,209.95575221238937,0.0,0.0
212,361.6094198492163,236.598689002185,424.0167516387472,22.596504005826656,31.900946831755277
213,449.374880060195,130.5099648300117,219.299531066823,13.906799531066822,14.976553341148888
214,280.32281595472944,75.46992481203007,334.468984962406,60.0328947368421,60.0328947368421
215,210.95366125022105,9.113607990012484,250.62421972534332,13.670411985018728,91.13607990012484
216,228.03541338421724,40.04041570438799,40.04041570438799,0.0,0.0
217,213.50453519097692,4.500616522811344,4.500616522811344,4.500616522811344,45.00616522811344
218,297.0765318885763,19.414893617021278,64.71631205673759,4.8537234042553195,12.943262411347517
219,249.4289854375509,185.0052798310454,185.0052798310454,38.54276663146779,90.57550158394932
220,156.91596485593777,248.0285234899329,664.4714765100671,0.0,113.29697986577182
221,459.8930971759341,74.21248568155785,338.659793814433,8.361970217640321,8.361970217640321
222,139.8579239800871,13.74764595103578,13.74764595103578,13.74764595103578,13.74764595103578
223,182.0408198489895,105.64399421128799,105.64399421128799,89.79739507959479,134.69609261939218
224,247.01548905370706,58.368869936034116,58.368869936034116,31.13006396588486,116.73773987206823
225,198.50181922553932,188.79310344827587,188.79310344827587,36.30636604774536,36.30636604774536
226,384.0637080710811,16.272290809327846,16.272290809327846,25.03429355281207,25.03429355281207
227,474.14462102550874,95.30555555555556,507.9583333333333,51.70833333333333,76.04166666666666
228,89.98143986666662,325.51169590643275,325.51169590643275,133.406432748538,651.0233918128655
229,148.65946448194524,427.1276595744681,427.1276595744681,58.244680851063826,103.54609929078013
230,235.63137331964973,230.41899441340783,230.41899441340783,28.547486033519554,28.547486033519554
231,485.663271925362,100.94902386117137,100.94902386117137,20.78362255965293,20.78362255965293
232,113.36768264968339,8.488372093023255,8.488372093023255,8.488372093023255,8.488372093023255
233,120.9939470004187,675.9259259259259,771.3507625272332,63.6165577342048,63.6165577342048
234,216.69250333610933,33.26245443499392,414.6719319562576,26.60996354799514,35.47995139732685
235,240.71328390690485,167.72428884026257,577.0514223194748,25.957330415754925,47.921225382932164
236,111.07002366403506,393.542654028436,1176.303317535545,43.246445497630326,268.127962085308
237,249.9130406020358,71.15384615384616,71.15384615384616,9.615384615384615,9.615384615384615
238,219.2615597339699,605.4086538461538,1333.6538461538462,8.774038461538462,210.5769230769231
239,204.96623526903645,248.6503856041131,258.0334190231363,0.0,0.0
240,71.21844973546831,1574.9074074074074,1574.9074074074074,6.7592592592592595,20.27777777777778
241,248.7048699853864,110.19597457627118,110.19597457627118,110.19597457627118,154.66101694915253
242,241.41747063840887,95.63318777292577,95.63318777292577,23.90829694323144,29.8853711790393
243,123.9448850189383,11.624203821656051,11.624203821656051,11.624203821656051,11.624203821656051
244,273.6330011180285,107.14629451395572,107.14629451395572,3.512993262752647,3.512993262752647
245,259.4536953600501,57.43654822335026,331.6497461928934,90.78680203045685,90.78680203045685
246,189.943349737183,311.33841886269073,311.33841886269073,32.905686546463244,116.43550624133148
247,184.7653196295378,143.18830242510697,143.18830242510697,18.223965763195434,44.25820256776034
248,130.05003516490967,387.90485829959516,387.90485829959516,3.694331983805668,3.694331983805668
249,158.42599654929495,355.2828618968386,355.2828618968386,15.183028286189684,27.329450915141432
250,411.8977454142457,44.34143222506393,44.34143222506393,26.838235294117645,32.672634271099746
251,210.7862294280403,885.125,1231.875,47.90625,301.125
252,248.47022408244692,247.7200424178155,447.0572640509014,1.9353128313891836,11.611876988335101
253,230.3645825991783,100.11428571428571,936.4857142857143,4.171428571428572,4.171428571428572
254,185.0425023025463,90.9900284900285,493.945868945869,12.998575498575498,23.397435897435898
255,261.5647353825385,102.92044310171198,610.1711983887211,18.37865055387714,18.37865055387714
256,167.40390294732273,37.30345911949685,843.6320754716982,11.477987421383649,37.30345911949685
257,172.16776125986513,298.585626911315,298.585626911315,25.11467889908257,27.90519877675841
258,202.8089718169179,241.75324675324674,241.75324675324674,2.3701298701298703,2.3701298701298703
259,258.4238147117274,135.8053007135576,167.43119266055047,29.76554536187564,29.76554536187564
260,224.25479410083238,51.46886016451234,109.37132784958872,30.0235017626322,62.19153936545241
261,124.28396601702443,7.733050847457627,467.84957627118644,7.733050847457627,92.79661016949153
262,213.59622228477573,204.77805178791616,231.78175092478423,0.0,29.254007398273735
263,293.7704428767092,147.30941704035874,674.3497757847534,14.730941704035875,14.730941704035875
264,138.53466706963644,197.7661596958175,992.3003802281369,83.26996197718631,83.26996197718631
265,159.3104238315318,190.0413223140496,223.22314049586777,72.39669421487604,72.39669421487604
266,376.0725352928394,365.51120448179273,365.51120448179273,1.2780112044817926,1.2780112044817926
267,220.1464804376533,13.098086124401915,13.098086124401915,13.098086124401915,109.15071770334929
268,114.4005136551836,100.92165898617512,235.48387096774192,8.410138248847927,8.410138248847927
269,271.43150466026935,58.47087378640777,232.11165048543688,14.174757281553397,14.174757281553397
270,249.52689273353045,94.4297782470961,763.1467793030623,42.397043294614576,94.4297782470961
271,215.77608743542518,191.63614163614164,191.63614163614164,11.141636141636141,11.141636141636141
272,151.6921986956891,272.48263888888886,272.48263888888886,152.08333333333331,152.08333333333331
273,129.79451933634837,199.89858012170384,1469.6247464503042,96.2474645030426,148.0730223123732
274,265.4474308363321,56.12599206349206,190.10416666666669,18.105158730158728,18.105158730158728
275,86.85323802068169,33.18181818181818,33.18181818181818,33.18181818181818,33.18181818181818
276,209.500224056039,183.64779874213838,879.2138364779875,11.477987421383649,222.67295597484278
277,211.3440842037328,238.9339152119701,238.9339152119701,25.031172069825434,36.408977556109726
278,221.38923009990216,173.8095238095238,173.8095238095238,26.07142857142857,26.07142857142857
279,201.08086601366017,16.743119266055047,98.06684141546526,11.959370904325032,16.743119266055047
280,442.57717507541076,70.61011904761905,472.5446428571429,10.863095238095237,10.863095238095237
281,212.4541412772011,201.27013630731102,857.094175960347,49.75216852540272,49.75216852540272
282,363.26484526257764,47.643219724438,47.643219724438,0.0,76.75852066715011
283,110.10602106575232,152.811004784689,152.811004784689,0.0,56.75837320574163
284,238.68533325463667,86.61699779249449,406.89845474613685,114.81788079470199,183.30573951434877
285,231.65158745244315,20.762229806598405,467.1501706484641,4.152445961319681,20.762229806598405
286,250.7692858558724,49.84243697478992,49.84243697478992,17.2531512605042,49.84243697478992
287,135.9333124055367,335.9980620155039,335.9980620155039,14.147286821705427,14.147286821705427
288,288.6393984058438,36.63321167883212,554.4936131386861,13.321167883211679,13.321167883211679
289,116.02971473033911,24.886363636363637,1617.6136363636363,24.886363636363637,24.886363636363637
290,244.3101321725026,51.18662351672061,169.3096008629989,9.843581445523194,116.15426105717367
291,273.5413432361111,77.36030828516377,77.36030828516377,5.274566473988439,77.36030828516377
292,406.6674027601335,102.83354922279793,901.8620466321244,11.819948186528496,46.09779792746114
293,370.66420165231006,437.1179815209666,437.1179815209666,12.970859985785358,12.970859985785358
294,284.0649793655992,113.42764378478664,113.42764378478664,54.17439703153989,148.97959183673467
295,194.27484797812903,358.570460704607,536.6192411924119,12.364498644986451,12.364498644986451
296,314.77151014679526,108.43096234309624,580.3347280334727,9.163179916317992,9.163179916317992
297,141.69386203034736,512.2211895910781,729.3215613382899,54.27509293680297,54.27509293680297
298,146.6556467730602,3.2764811490125676,3.2764811490125676,3.2764811490125676,3.2764811490125676
299,130.6720488018582,117.74193548387096,117.74193548387096,62.55040322580645,117.74193548387096
300,495.33385549312294,0.0,124.25531914893617,0.0,0.0
301,140.29722576685438,65.0562851782364,65.0562851782364,65.0562851782364,65.0562851782364
302,290.50930833618986,167.11242067089754,167.11242067089754,0.0,38.05530371713509
303,263.19755343629146,3.6536536536536537,116.91691691691692,3.6536536536536537,3.6536536536536537
304,178.83125499794616,99.44771723122238,99.44771723122238,2.6877761413843886,2.6877761413843886
305,244.11626018821886,17.718446601941746,734.3311758360302,0.0,0.0
306,517.1805421206324,105.98573611818645,162.69740193581254,8.367294956698931,8.367294956698931
307,135.81599945665982,470.39728682170545,1015.0678294573643,7.073643410852713,180.37790697674419
308,150.71699572439826,31.905594405594407,341.3898601398601,31.905594405594407,44.66783216783217
309,383.26279911598675,116.64948453608247,116.64948453608247,0.0,1.254295532646048
310,191.01648759910495,80.55172413793103,498.4137931034483,57.896551724137936,80.55172413793103
311,246.6285506966736,44.84508547008547,44.84508547008547,44.84508547008547,136.48504273504273
312,223.56344831391027,139.72320376914016,563.1919905771496,4.299175500588928,4.299175500588928
313,144.6500651525456,731.3296903460838,1432.7413479052823,33.24225865209472,269.2622950819672
314,131.55923297442905,698.5470941883767,965.5310621242485,248.69739478957916,248.69739478957916
315,207.57856828509534,53.26776649746193,125.06345177664974,46.31979695431472,261.7068527918782
316,216.98516295329082,540.4126213592233,688.8046116504854,11.074029126213592,22.148058252427184
317,256.1409551679263,276.0030864197531,396.16769547325106,5.632716049382716,5.632716049382716
318,195.24956551106663,184.7165991902834,1342.2739541160593,14.777327935222672,14.777327935222672
319,90.48210755928886,276.67638483965015,1495.1166180758019,0.0,0.0
320,431.54991439310413,343.1623931623932,378.8156288156288,1.1141636141636142,1.1141636141636142
321,261.52957057392837,44.10876132930514,110.27190332326285,3.675730110775428,3.675730110775428
322,162.33172065894152,127.39448051948051,405.8847402597403,106.65584415584415,210.34902597402598
323,274.1376064608829,61.35926993275696,61.35926993275696,10.518731988472622,43.82804995196926
324,626.4803321906332,8.441968040370059,226.3982338099243,5.3721614802354924,5.3721614802354924
325,318.4755731564574,13.58560794044665,265.67411083540117,40.75682382133995,40.75682382133995
326,215.08337407668745,116.15667074663403,116.15667074663403,42.44186046511628,116.15667074663403
327,176.052730572432,5.4640718562874255,5.4640718562874255,5.4640718562874255,8.196107784431138
328,582.7697646674735,92.40506329113924,92.40506329113924,10.725587703435805,10.725587703435805
329,187.15794889015976,89.96478873239435,89.96478873239435,20.563380281690144,20.563380281690144
330,293.9579459302096,42.517921146953405,104.6594982078853,42.517921146953405,104.6594982078853
331,312.29527231906604,276.9814502529511,276.9814502529511,33.85328836424958,104.63743676222597
332,352.9436867812976,80.3544776119403,80.3544776119403,29.962686567164177,68.09701492537313
333,225.93850880746726,180.7983682983683,1050.7575757575758,6.381118881118881,6.381118881118881
334,210.063953463486,185.47678795483063,185.47678795483063,9.159347553324968,196.92597239648683
335,211.17968667957723,56.88902743142145,116.05361596009973,56.88902743142145,56.88902743142145
336,222.43591707261456,86.49289099526065,86.49289099526065,10.811611374407581,86.49289099526065
337,156.23298513647686,12.310286677908937,12.310286677908937,12.310286677908937,49.24114671163575
338,135.94902813057777,201.59883720930233,247.57751937984494,166.23062015503876,166.23062015503876
339,159.8367202636547,264.5799011532125,444.9752883031301,57.12520593080725,57.12520593080725
340,187.21785598105782,269.51476793248946,269.51476793248946,5.133614627285514,5.133614627285514
341,208.08403609193246,94.71518987341771,309.5569620253164,4.620253164556962,4.620253164556962
342,208.6194960851009,32.26010101010101,32.26010101010101,4.608585858585859,4.608585858585859
343,171.57423277157213,47.65745007680491,204.64669738863287,47.65745007680491,47.65745007680491
344,260.9039592457495,33.18181818181818,33.18181818181818,12.904040404040405,33.18181818181818
345,186.59513065591713,242.30225988700565,1203.7782485875705,25.77683615819209,25.77683615819209
346,276.0585643469033,255.98759541984734,255.98759541984734,45.27671755725191,45.27671755725191
347,236.25543300812657,134.28093645484952,783.3054626532887,16.276477146042364,18.31103678929766
348,239.32147427210631,449.7249724972497,449.7249724972497,52.200220022002206,52.200220022002206
349,213.35005459358283,11.265432098765432,157.71604938271605,11.265432098765432,11.265432098765432
350,207.74768533501083,111.02661596958175,111.02661596958175,41.634980988593156,41.634980988593156
351,265.4888339597687,72.42063492063491,916.1210317460317,0.0,7.242063492063492
352,249.40229081716805,26.979936642027454,26.979936642027454,7.708553326293558,67.44984160506864
353,96.19964600019118,10.0,-1.0,10.0,180.0
354,151.1821929116345,206.66376306620208,206.66376306620208,73.12717770034843,89.02439024390245
355,258.9831239818097,154.09460834181078,154.09460834181078,64.97965412004069,96.5412004069176
356,400.29920513730883,67.23684210526315,67.23684210526315,10.805921052631579,24.013157894736842
357,181.63695717552687,97.8623188405797,97.8623188405797,60.833333333333336,60.833333333333336
358,199.45264791798274,192.86657859973582,1118.6261558784677,38.57331571994716,38.57331571994716
359,170.15297731000038,596.0913312693499,596.0913312693499,45.20123839009288,45.20123839009288
360,115.31846985522006,33.33333333333333,33.33333333333333,170.83333333333331,170.83333333333331
361,400.4225808137399,593.125,905.296052631579,4.802631578947368,9.605263157894736
362,248.8827996302609,349.55026455026456,1328.6772486772486,123.59788359788361,162.22222222222223
363,173.75154079812268,588.9772727272727,588.9772727272727,33.18181818181818,58.06818181818181
364,134.57656244392498,835.7142857142857,835.7142857142857,21.428571428571427,96.42857142857142
365,179.6846860335716,374.63343108504404,374.63343108504404,13.37976539589443,45.49120234604106
366,233.25299488913421,72.17514124293785,1214.6045197740114,4.124293785310734,4.124293785310734
367,194.0798634006825,84.19267299864315,84.19267299864315,12.381275440976934,91.62143826322931
368,217.4273474257261,150.42424242424244,150.42424242424244,15.484848484848486,15.484848484848486
369,240.79599432426295,77.87199124726477,77.87199124726477,33.94420131291029,33.94420131291029
370,350.37554197948094,134.4736842105263,521.4285714285714,2.7443609022556394,2.7443609022556394
371,169.7369030519613,187.03416149068323,187.03416149068323,93.51708074534162,93.51708074534162
372,198.4640536200202,16.965471447543162,16.965471447543162,16.965471447543162,16.965471447543162
373,242.99376770288862,233.56832971800435,233.56832971800435,67.29934924078091,67.29934924078091
374,259.71212816128264,192.4949290060852,418.3062880324544,22.210953346855984,22.210953346855984
375,476.28800428011954,67.6299778761062,121.12831858407081,1.0094026548672566,128.1941371681416
376,268.8079948799424,175.34313725490196,212.91666666666666,17.892156862745097,212.91666666666666
377,315.4424901216256,246.99248120300751,246.99248120300751,6.098579782790309,6.098579782790309
378,140.2794640546637,178.0487804878049,376.6416510318949,17.120075046904315,17.120075046904315
379,389.060888128212,66.72308733920109,66.72308733920109,14.827352742044685,61.78063642518618
380,224.14225544577468,115.80493537015276,486.80963572267916,23.589894242068155,32.16803760282021
381,283.0437640300406,118.94785847299813,118.94785847299813,18.691806331471135,334.75325884543764
382,374.1979043948133,3.8529204785362423,3.8529204785362423,3.8529204785362423,42.382125263898665
383,318.59366493845596,123.77998345740282,985.7113316790736,16.604631927212573,16.604631927212573
384,179.56882075497884,101.68621700879766,626.1730205278592,40.139296187683286,173.93695014662757
385,240.4659584460743,15.991237677984666,103.94304490690033,15.991237677984666,61.96604600219058
386,127.61734988083944,180.9917355371901,180.9917355371901,49.018595041322314,49.018595041322314
387,326.2247300228652,14.741518578352181,14.741518578352181,17.689822294022616,17.689822294022616
388,72.9497632843267,362.36462093862815,553.4296028880866,105.41516245487365,105.41516245487365
389,309.1910857622034,208.30494037478707,208.30494037478707,32.64480408858603,63.7350936967632
390,253.9214664578254,530.0829875518673,696.6804979253112,13.25207468879668,13.25207468879668
391,232.07106206329823,122.21906923950057,171.93530079455164,0.0,0.0
392,148.61834364135214,857.4911347517731,857.4911347517731,3.235815602836879,100.31028368794327
393,286.9601026375021,90.49586776859505,395.50045913682277,18.434343434343436,90.49586776859505
394,227.63115467923598,145.74652777777777,329.51388888888886,2.1122685185185186,42.24537037037037
395,259.08669220507727,133.53658536585365,376.4989837398374,14.837398373983742,92.73373983739837
396,248.67284284634061,104.39618644067797,104.39618644067797,9.666313559322033,69.59745762711864
397,437.53547765174847,46.14689945815774,150.526791089705,21.97471402769416,21.97471402769416
398,106.28165969711819,1471.774193548387,1471.774193548387,31.699751861042184,49.81389578163772
399,504.2072439293715,104.88505747126436,104.88505747126436,7.628004179728318,37.186520376175544
400,185.69332193887087,31.06382978723404,111.31205673758865,31.06382978723404,98.36879432624114
401,134.45783129813358,318.4803921568627,318.4803921568627,39.36274509803921,39.36274509803921
402,157.50232225376124,286.8729096989967,286.8729096989967,3.051839464882943,9.15551839464883
403,350.0226279966565,365.27464258841235,370.76749435665914,19.224981188863808,41.19638826185102
404,122.08795031345568,94.60043196544277,106.42548596112312,78.83369330453563,342.92656587473
405,352.588561444417,51.79238237490665,1125.8028379387601,16.35548917102315,188.08812546676623
406,177.28913495080616,290.1560178306092,328.12035661218425,105.75780089153047,311.84992570579493
407,177.58542740993386,200.37091988130564,232.8635014836795,16.246290801186944,16.246290801186944
408,206.63657575514068,188.55229591836735,216.48596938775512,65.17857142857143,83.80102040816327
409,272.41429122741357,12.354932301740813,12.354932301740813,12.354932301740813,91.77949709864603
410,106.9560912378421,67.42610837438424,1065.332512315271,4.495073891625616,256.2192118226601
411,491.33067666469793,157.5469168900804,157.5469168900804,46.970509383378015,46.970509383378015
412,132.1045522190946,29.141716566866265,404.34131736526945,50.99800399201597,138.4231536926148
413,187.79414731130004,120.30154277699859,120.30154277699859,66.54978962131837,112.62272089761571
414,101.25391437990794,52.27864583333333,52.27864583333333,71.2890625,71.2890625
415,90.51332380565108,265.26162790697674,1076.9622093023256,15.915697674418604,132.63081395348837
416,201.41263549891832,9.542483660130719,202.77777777777777,9.542483660130719,9.542483660130719
417,112.62504868925211,21.320093457943923,21.320093457943923,21.320093457943923,200.40887850467288
418,236.41271917492548,99.69342251950948,99.69342251950948,36.62207357859532,36.62207357859532
419,202.56051270194646,192.2301690507152,339.36931079323796,45.09102730819246,45.09102730819246
420,296.75517421275157,365.9716060337178,754.6140195208519,48.58030168589175,48.58030168589175
421,348.306652043115,201.55068078668683,229.160363086233,31.751134644478064,46.93645990922845
422,171.1325527363965,58.96153846153846,550.3076923076923,58.96153846153846,58.96153846153846
423,268.2068205493531,55.574656188605104,428.46267190569745,7.170923379174853,7.170923379174853
424,147.26528613509117,127.32558139534883,127.32558139534883,16.323792486583184,16.323792486583184
425,380.71312037000285,58.096885813148795,58.096885813148795,26.52249134948097,59.3598615916955
426,135.75858792146778,489.0291262135922,931.990291262136,38.980582524271846,38.980582524271846
427,352.44645281960453,167.76905829596413,392.82511210762334,0.0,0.0
428,243.40314254615078,45.42748917748918,45.42748917748918,1.975108225108225,1.975108225108225
429,154.1443845807089,321.3247863247864,321.3247863247864,49.914529914529915,90.47008547008546
430,148.75349224654025,513.5840707964602,1082.0796460176991,19.38053097345133,19.38053097345133
431,177.5828483894742,78.52373887240356,78.52373887240356,73.10830860534125,305.9718100890207
432,234.46736403179955,75.87078651685394,1129.8595505617977,16.404494382022474,16.404494382022474
433,317.0227385293324,148.66999168744806,148.66999168744806,24.27265170407315,24.27265170407315
434,177.53116599344762,441.3575667655786,441.3575667655786,56.862017804154306,83.93916913946587
435,344.6127215622579,375.3249235474006,463.2262996941896,68.36773700305811,68.36773700305811
436,153.75685775858054,40.625,662.5,18.75,356.25
437,179.34741147672344,267.9882525697504,581.5345080763583,142.0337738619677,401.98237885462555
438,91.84712606482422,1270.702005730659,1270.702005730659,26.146131805157594,26.146131805157594
439,340.38908826266874,11.30030959752322,153.96671826625388,11.30030959752322,64.97678018575851
440,199.95486260474684,144.2687747035573,144.2687747035573,91.37022397891963,91.37022397891963
441,276.5606895906887,19.119047619047617,90.38095238095238,71.26190476190476,71.26190476190476
442,107.77472946599491,1066.442542787286,1561.7359413202933,35.696821515892424,35.696821515892424
443,200.11536633440224,374.60526315789474,374.60526315789474,0.0,0.0
444,312.7222315148047,3.074978938500421,3.074978938500421,36.89974726200506,36.89974726200506
445,254.912576027174,18.85330578512397,18.85330578512397,18.85330578512397,18.85330578512397
446,191.79676406146297,145.39835164835165,145.39835164835165,25.068681318681318,25.068681318681318
447,205.99595716534986,128.35677749360613,168.0306905370844,2.3337595907928392,186.7007672634271
448,155.64475456368982,154.39932318104906,691.7089678510998,74.11167512690355,74.11167512690355
449,180.45372156307178,900.5109489051094,900.5109489051094,103.90510948905109,103.90510948905109
450,290.7174207527766,401.6983695652174,401.6983695652174,28.10235507246377,171.92028985507247
451,106.52788095325903,438.1806930693069,438.1806930693069,4.517326732673268,4.517326732673268
452,213.05054511106871,83.4672435105068,442.15080346106305,69.93201483312731,97.00247218788627
453,103.15052530042226,181.56887755102042,181.56887755102042,27.933673469387756,27.933673469387756
454,100.0531003703005,182.5,182.5,81.64473684210526,81.64473684210526
455,234.06942124824667,112.90776152980877,332.5646794150731,53.374578177727784,75.95613048368953
456,141.60673186208777,3.3921933085501856,708.9684014869888,0.0,3.3921933085501856
457,275.48188462684453,146.55831739961758,1575.5019120458892,8.723709369024856,8.723709369024856
458,275.1203300689048,0.0,0.0,0.0,0.0
459,213.65028884072436,146.2700369913687,146.2700369913687,11.25154130702836,11.25154130702836
460,208.0254540175708,11.550632911392405,48.5126582278481,71.61392405063292,214.84177215189874
461,231.25939654832914,162.12984054669704,197.46583143507974,2.078587699316629,162.12984054669704
462,187.24173571034336,1006.1884669479606,1681.2587904360057,0.0,0.0
463,380.46482194943536,3.7915512465373964,3.7915512465373964,3.7915512465373964,27.804709141274238
464,252.39895427330035,0.0,0.0,0.0,0.0
465,116.2264448085356,1005.612244897959,1812.5850340136055,16.553287981859413,16.553287981859413
466,367.4080082969552,3.924731182795699,3.924731182795699,5.232974910394265,5.232974910394265
467,328.45162887001766,24.87971130713713,247.3336006415397,11.708099438652766,62.93103448275862
468,174.22666724004836,60.74130105900151,607.4130105900151,60.74130105900151,60.74130105900151
469,326.81442454594577,125.0,444.11764705882354,64.70588235294119,142.6470588235294
470,200.45603472574638,129.5006570302234,129.5006570302234,31.176084099868593,71.94480946123522
471,449.8247277228402,4.274004683840749,86.54859484777516,33.12353629976581,33.12353629976581
472,126.166816476181,601.9832985386221,601.9832985386221,76.20041753653445,91.44050104384134
473,310.9737913568933,61.81202370872142,482.1337849280271,20.088907705334464,43.268416596105
474,128.2351983094191,93.6858316221766,850.6673511293635,0.0,52.46406570841889
475,171.0551235917579,64.6764252696456,1481.9337442218798,25.308166409861325,25.308166409861325
476,178.4445181266573,711.6691285081241,711.6691285081241,2.6957163958641064,239.91875923190548
477,151.38556854350617,339.6086956521739,342.78260869565213,88.8695652173913,88.8695652173913
478,143.41514252323694,0.0,0.0,0.0,0.0
479,191.55520765930228,153.12929848693258,1812.4484181568087,32.63411279229711,50.20632737276478
480,345.4472696545748,41.76201372997711,664.0160183066362,13.920671243325705,41.76201372997711
481,118.85281826216291,12.13968957871397,12.13968957871397,4.046563192904657,4.046563192904657
482,295.95850376141397,142.88256227758006,142.88256227758006,53.580960854092524,84.4306049822064
483,315.21247388514024,0.0,0.0,0.0,65.55973266499582
484,213.53632731269497,9.001233045622689,9.001233045622689,4.500616522811344,4.500616522811344
485,230.85708037769533,389.5833333333333,389.5833333333333,35.416666666666664,35.416666666666664
486,96.66091813614757,760.8310626702997,760.8310626702997,54.70027247956403,69.61852861035423
487,120.77363635656468,131.49563318777294,131.49563318777294,71.72489082969433,71.72489082969433
488,163.56350442395905,94.04186795491144,346.7793880837359,11.75523349436393,64.65378421900161
489,265.58048396462044,7.242063492063492,7.242063492063492,5.431547619047619,30.77876984126984
490,253.76180881001767,47.37798546209761,47.37798546209761,9.475597092419523,47.37798546209761
491,232.99411937426794,80.51470588235294,208.51244343891403,0.0,117.67533936651584
492,266.29411036378383,138.99604352126607,1314.1444114737883,34.297725024727995,34.297725024727995
493,136.52095787328162,7.046332046332046,162.06563706563708,7.046332046332046,21.138996138996138
494,135.88137780503658,49.51550387596899,159.15697674418604,49.51550387596899,159.15697674418604
495,325.65761563742495,249.53478964401296,639.3406148867314,32.483818770226534,82.68608414239483
496,219.34106256796576,446.9387755102041,446.9387755102041,2.190876350540216,2.190876350540216
497,143.92237251012543,381.04395604395603,381.04395604395603,36.76739926739927,40.10989010989011
498,315.8998458801497,22.831526271893246,22.831526271893246,12.176814011676397,12.176814011676397
499,267.7234481689198,21.55511811023622,21.55511811023622,16.166338582677167,16.166338582677167
500,138.4963572399834,468.393536121673,468.393536121673,10.408745247148289,55.51330798479088
501,285.0341291308825,161.92236598890943,161.92236598890943,20.24029574861368,20.24029574861368
502,80.90899585876127,23.778501628664497,-1.0,65.39087947882736,124.8371335504886
503,136.86733376882813,-1.0,-1.0,112.30769230769232,112.30769230769232
504,278.92563426026516,94.78281397544853,180.94900849858357,31.019830028328617,49.97639282341832
505,271.30831172680496,79.73300970873787,365.0,3.5436893203883493,21.2621359223301
506,266.5944611967615,182.13932806324112,292.14426877470356,9.016798418972332,39.67391304347826
507,455.5047185068989,166.77270098322728,185.7721226142279,3.1665702718334297,3.1665702718334297
508,238.56511086833137,8.05739514348786,481.4293598233996,8.05739514348786,50.358719646799116
509,156.48323572276843,365.6144781144781,749.6632996632997,15.361952861952862,24.579124579124578
510,190.9869638604836,266.82758620689657,266.82758620689657,7.551724137931035,37.758620689655174
511,181.4588455967244,278.12046444121916,1239.6226415094338,26.48766328011611,34.43396226415094
512,126.92532162303701,238.53734439834025,1556.1721991701245,106.01659751037344,106.01659751037344
513,275.47292478238137,0.0,383.84321223709367,34.894837476099426,45.363288718929255
514,148.17933390165467,110.21314387211368,722.8685612788632,77.797513321492,94.00532859680284
515,88.83911256813916,167.87833827893175,-1.0,54.154302670623146,54.154302670623146
516,399.12086502818005,250.56105610561056,368.61386138613864,46.980198019801975,69.86798679867987
517,369.778849123708,50.69444444444444,50.69444444444444,0.0,2.5997150997151
518,279.34141135536913,105.02358490566039,201.43867924528303,32.7122641509434,63.70283018867924
519,282.1030488720806,313.5387488328665,349.3230625583567,40.896358543417364,40.896358543417364
520,416.2119694465979,213.6867088607595,213.6867088607595,11.550632911392405,11.550632911392405
521,185.37291076154364,681.7826704545455,681.7826704545455,10.369318181818182,305.8948863636363
522,170.4754461940838,220.01545595054094,1652.936630602782,14.103554868624421,14.103554868624421
523,86.52879658555969,122.40853658536587,122.40853658536587,38.94817073170732,300.45731707317077
524,345.2594115244631,16.704805491990847,16.704805491990847,6.9603356216628525,6.9603356216628525
525,202.76401221323368,4.740259740259741,54.51298701298701,4.740259740259741,4.740259740259741
526,212.3790461248399,165.29156327543424,423.4181141439206,4.528535980148884,13.58560794044665
527,177.2333502268798,40.676077265973255,222.36255572065377,40.676077265973255,40.676077265973255
528,126.35178346951216,1402.96875,1710.9375,121.66666666666667,136.875
529,888.0996479488232,22.738059922871553,108.81785820231386,0.5413823791159893,0.5413823791159893
530,361.8437222607569,107.58733624454148,114.22852983988355,9.297671033478894,148.7627365356623
531,106.41426641690687,609.8391089108911,609.8391089108911,40.6559405940594,40.6559405940594
532,500.62575196368635,100.85526315789474,151.76315789473685,2.881578947368421,2.881578947368421
533,290.35097191841044,334.5281306715064,334.5281306715064,33.12159709618875,76.17967332123412
534,153.32987972435095,250.85910652920964,1251.159793814433,9.407216494845361,43.90034364261169
535,97.5372624067218,64.12162162162163,365.0,64.12162162162163,64.12162162162163
536,179.9271362181949,224.45095168374817,224.45095168374817,16.032210834553442,16.032210834553442
537,323.71688286707666,117.31082180634662,117.31082180634662,51.97314890154597,117.31082180634662
538,181.62510852760536,227.79390420899855,823.766328011611,116.54571843251088,116.54571843251088
539,186.3233718743662,227.15700141442716,227.15700141442716,0.0,0.0
540,230.52075802176748,146.0,573.5714285714286,58.4,70.91428571428571
541,213.8679269333888,92.14901477832512,92.14901477832512,8.990147783251231,173.0603448275862
542,105.07735800452195,882.7694235588972,882.7694235588972,41.16541353383458,786.7167919799498
543,240.90510849754796,169.53551912568307,169.53551912568307,15.956284153005464,15.956284153005464
544,258.692527146953,187.70366598778003,187.70366598778003,1.8584521384928716,1.8584521384928716
545,193.04681823519905,181.75306957708048,358.52660300136426,32.36698499317872,32.36698499317872
546,130.28335652142508,309.6969696969697,674.6969696969696,165.9090909090909,165.9090909090909
547,169.5873042270406,416.5760869565217,617.77950310559,14.169254658385093,14.169254658385093
548,192.66426753568035,134.81532147742817,134.81532147742817,47.43502051983584,134.81532147742817
549,224.32877230800213,27.8462441314554,81.39671361502347,0.0,55.6924882629108
550,160.13674322088133,36.01973684210526,36.01973684210526,36.01973684210526,36.01973684210526
551,614.4346528571117,39.112730390055724,216.6845263609087,3.9112730390055725,10.169309901414488
552,279.37573523498276,65.36286522148916,404.2177191328935,41.2818096135721,137.60603204524034
553,138.9684740528156,0.0,-1.0,0.0,17.28219696969697
554,414.3117956466634,110.21932612841704,110.21932612841704,11.602034329307058,24.36427209154482
555,619.3137746423629,149.8192258613356,283.33687792428753,15.525308379413016,15.525308379413016
556,185.11976789178712,147.97297297297297,415.36273115220484,12.980085348506401,96.05263157894737
557,206.02774002506976,21.00383631713555,21.00383631713555,21.00383631713555,72.346547314578
558,199.26481312508307,127.94312169312168,127.94312169312168,4.8280423280423275,173.8095238095238
559,209.09499254713475,379.25062972292193,379.25062972292193,20.68639798488665,20.68639798488665
560,149.1657348500994,6.448763250883392,6.448763250883392,6.448763250883392,6.448763250883392
561,419.7571610004864,154.66101694915253,257.7683615819209,14.893283113622097,137.4764595103578
562,363.77070419425775,27.75162925416365,64.75380159304851,11.893555394641565,146.68718320057928
563,150.7833941854157,159.52797202797203,159.52797202797203,3.1905594405594404,22.333916083916083
564,146.36533459447622,98.47122302158273,98.47122302158273,9.847122302158274,22.97661870503597
565,133.62803830434402,493.14595660749507,511.14398422090727,53.994082840236686,71.99211045364892
566,162.44709735919844,85.77795786061589,85.77795786061589,85.77795786061589,189.3030794165316
567,192.91509946981694,498.63387978142083,501.1270491803279,4.9863387978142075,4.9863387978142075
568,276.2115141110072,360.1286939942803,360.1286939942803,1.7397521448999047,1.7397521448999047
569,300.25666741225746,184.10087719298244,184.10087719298244,41.62280701754386,48.026315789473685
570,138.91566610837057,58.87096774193548,304.7438330170778,3.462998102466793,58.87096774193548
571,658.1202499049392,8.76701361088871,8.76701361088871,0.0,0.0
572,172.73693712674412,150.22865853658539,150.22865853658539,38.94817073170732,38.94817073170732
573,142.08129468727702,6.771799628942486,507.88497217068647,6.771799628942486,6.771799628942486
574,139.32495681456936,210.44423440453687,665.8317580340264,13.799621928166353,13.799621928166353
575,227.26864958650114,133.2271147161066,238.96292004634992,59.21205098493626,61.32676709154114
576,224.32169634786615,6.426056338028169,6.426056338028169,6.426056338028169,34.27230046948357
577,230.6704705234008,175.0,175.0,27.083333333333332,27.083333333333332
578,194.08703198737933,0.0,0.0,0.0,69.33514246947082
579,250.20490390764522,142.1578947368421,240.1315789473684,5.763157894736842,19.210526315789473
580,150.32517821166843,249.29947460595443,415.4991243432574,0.0,0.0
581,189.47390784955965,20.30598052851182,522.8789986091793,20.30598052851182,22.844228094575797
582,230.55594720806013,175.20000000000002,175.20000000000002,16.685714285714287,16.685714285714287
583,193.8878720590605,81.8274456521739,362.0244565217391,0.0,0.0
584,66.6758779991123,569.8616600790514,569.8616600790514,14.42687747035573,14.42687747035573
585,156.80335807750566,205.50420168067228,236.1764705882353,36.806722689075634,248.44537815126048
586,234.52172290193195,6.151685393258427,6.151685393258427,6.151685393258427,194.80337078651684
587,380.31007574873337,7.583102493074793,496.69321329639894,7.583102493074793,7.583102493074793
588,326.4282223477332,44.18886198547215,449.25343018563353,0.0,54.49959644874899
589,283.7699127559914,103.36583101207057,103.36583101207057,23.72330547818013,40.66852367688022
590,189.49053593777998,291.89847009735746,538.1084840055632,7.614742698191933,7.614742698191933
591,124.25527364154546,630.2436440677967,630.2436440677967,38.66525423728813,38.66525423728813
592,169.74670329484033,34.006211180124225,34.006211180124225,31.172360248447205,31.172360248447205
593,117.86537596671779,36.744966442953015,89.82102908277405,12.248322147651006,12.248322147651006
594,246.07283761920553,132.86937901498928,156.3169164882227,15.63169164882227,29.309421841541756
595,254.52589727725817,98.24016563146998,98.24016563146998,3.778467908902692,11.335403726708075
596,382.01717269765396,67.9655172413793,210.18965517241378,8.810344827586208,8.810344827586208
597,280.31088486170535,61.74812030075188,192.10526315789474,8.576127819548871,15.43703007518797
598,81.01311441389575,254.78896103896102,254.78896103896102,94.80519480519482,142.2077922077922
599,366.5937100389441,141.5948275862069,141.5948275862069,0.0,0.0
600,135.64455995774253,219.70873786407768,219.70873786407768,24.805825242718445,106.31067961165049
601,138.98793456190782,618.7026515151515,618.7026515151515,3.456439393939394,203.92992424242425
602,263.45812173994045,213.525,266.45,5.4750000000000005,25.55
603,215.78143981111322,106.95970695970696,106.95970695970696,20.054945054945055,73.53479853479854
604,233.36427924195928,94.75169300225733,94.75169300225733,37.07674943566591,109.17042889390518
605,262.32896448989067,10.993975903614459,10.993975903614459,9.161646586345382,152.08333333333331
606,185.170797677351,368.6344238975818,368.6344238975818,64.900426742532,64.900426742532
607,347.5293017901904,13.836239575435936,174.3366186504928,4.1508718726307805,4.1508718726307805
608,323.3610115685937,17.833876221498368,17.833876221498368,17.833876221498368,40.126221498371336
609,230.75141641021565,0.0,0.0,0.0,6.25
610,339.7486307892863,24.050387596899224,134.39922480620157,11.317829457364342,15.562015503875969
611,265.25760059371606,159.48361469712015,159.48361469712015,5.436941410129097,19.93545183714002
612,163.56948462819503,185.1449275362319,185.1449275362319,44.08212560386473,58.77616747181964
613,248.799144137955,175.92690677966104,175.92690677966104,5.799788135593221,5.799788135593221
614,291.5405003905419,242.34417344173443,242.34417344173443,39.56639566395664,39.56639566395664
615,187.6472717253414,694.6278089887641,697.191011235955,17.94241573033708,33.32162921348314
616,152.62966182927275,47.27979274611398,602.0293609671847,15.75993091537133,75.64766839378238
617,319.48162095199166,15.045342126957955,15.045342126957955,15.045342126957955,15.045342126957955
618,194.41504835289143,121.17208672086721,121.17208672086721,19.78319783197832,19.78319783197832
619,397.264986589714,0.0,0.0,0.0,0.0
620,387.33428486265103,29.795918367346943,802.0068027210884,9.931972789115646,9.931972789115646
621,151.39257667175573,631.608695652174,866.4782608695652,15.869565217391305,15.869565217391305
622,376.3012362559755,34.482155353393985,509.5696291112666,6.38558432470259,14.048285514345697
623,244.4233746889294,228.125,727.6400862068965,43.26508620689655,43.26508620689655
624,256.31874919799725,46.89105858170606,46.89105858170606,41.264131551901336,41.264131551901336
625,148.62438974760514,161.79078014184398,161.79078014184398,139.14007092198582,139.14007092198582
626,317.34330724992327,25.74688796680498,121.16182572614107,16.6597510373444,16.6597510373444
627,273.41358680352187,84.39306358381502,84.39306358381502,1.758188824662813,1.758188824662813
628,239.13775507381283,172.852422907489,172.852422907489,16.079295154185022,16.079295154185022
629,472.55041144787,216.68060200668896,415.05016722408027,6.103678929765886,61.03678929765886
630,159.00180893721367,36.258278145695364,99.71026490066225,36.258278145695364,36.258278145695364
631,96.09754005027871,165.0,340.0,40.0,45.0
632,196.8835376461835,63.52074966532798,63.52074966532798,21.987951807228917,65.96385542168674
633,205.48837920276154,395.4166666666667,395.4166666666667,32.756410256410255,257.37179487179486
634,337.0213870397027,42.8068803752932,42.8068803752932,31.39171227521501,35.67240031274433
635,129.81602592093472,74.0365111561866,1103.1440162271806,7.403651115618661,33.316430020283974
636,77.33073933683382,217.26190476190476,757.3129251700681,12.414965986394558,12.414965986394558
637,223.74459876515843,70.93639575971731,412.7208480565371,21.49587750294464,70.93639575971731
638,374.8149771486471,305.2354181307098,702.8109627547435,79.51510892480674,79.51510892480674
639,229.7205535206661,16.743119266055047,16.743119266055047,16.743119266055047,125.57339449541286
640,94.00571742696997,61.344537815126046,61.344537815126046,15.336134453781511,15.336134453781511
641,299.79413699560916,86.59929701230229,86.59929701230229,33.67750439367311,166.78383128295255
642,263.1409205262141,250.27527527527525,250.27527527527525,3.6536536536536537,25.575575575575574
643,378.5467775746622,13.970076548364649,13.970076548364649,0.0,35.56019485038274
644,296.0525034727572,102.29092526690391,478.9813167259787,14.612989323843417,14.612989323843417
645,123.64499804042475,202.3454157782516,428.03837953091687,0.0,0.0
646,454.1323254425307,63.51508120649652,191.6038283062645,3.175754060324826,30.698955916473317
647,151.1436029065066,213.0226480836237,1017.4216027874564,82.66550522648085,82.66550522648085
648,168.64906173296362,57.03125,941.015625,25.6640625,25.6640625
649,425.1468528539586,19.22242874845105,19.22242874845105,38.4448574969021,55.405824039653034
650,614.8647406852904,23.457583547557842,23.457583547557842,0.0,17.98414738646101
651,345.42229238846267,186.53699466056446,644.5270785659801,9.744469870327995,9.744469870327995
652,189.8365540273404,139.21636615811371,139.21636615811371,22.780859916782248,134.15395284327323
653,148.9360049941906,197.0353982300885,665.3982300884957,54.91150442477876,151.81415929203538
654,178.39454598921833,70.08862629246677,70.08862629246677,2.6957163958641064,2.6957163958641064
655,157.30913240284576,48.91122278056952,357.66331658291455,12.22780569514238,33.62646566164155
656,147.2554307290474,130.59033989266547,323.21109123434707,42.44186046511628,42.44186046511628
657,219.36609405232142,105.16206482593037,394.3577430972389,105.16206482593037,105.16206482593037
658,75.898708320685,69.70486111111111,931.5104166666666,0.0,228.125
659,348.05798209156535,6.907645722937168,6.907645722937168,12.433762301286905,70.45798637395913
660,100.84005162178013,123.89033942558748,162.01044386422976,128.65535248041778,128.65535248041778
661,268.12175171449326,16.134577603143416,16.134577603143416,30.476424361493127,91.42927308447936
662,111.09912530279674,856.2796208530806,856.2796208530806,8.649289099526067,95.14218009478672
663,323.8570290847193,95.03661513425548,115.82587469487389,29.698942229454843,56.4279902359642
664,293.9450558483076,121.01254480286738,121.01254480286738,17.988351254480285,17.988351254480285
665,134.55394984519262,1039.2857142857142,1253.5714285714287,171.42857142857142,389.2857142857143
666,346.7712347349979,38.829787234042556,170.57370820668694,37.443009118541035,37.443009118541035
667,546.1010667392969,44.018330921369994,281.71731789676795,25.530631934394595,25.530631934394595
668,161.57193508161848,65.49755301794453,214.35562805872758,59.54323001631321,133.97226753670472
669,204.24708039727128,280.22580645161287,965.483870967742,84.7741935483871,84.7741935483871
670,152.64571965338322,116.62348877374784,1802.93609671848,15.75993091537133,15.75993091537133
671,153.0041153498496,179.04475043029262,179.04475043029262,37.693631669535286,50.25817555938038
672,113.47501227563802,368.3874709976798,1431.2064965197217,190.54524361948955,190.54524361948955
673,273.6884905044922,49.18190567853705,354.81231953801733,5.26948989412897,5.26948989412897
674,432.2120253228691,11.121267519804997,146.80073126142597,11.121267519804997,84.52163315051797
675,116.9749066739991,337.04954954954957,337.04954954954957,32.88288288288288,32.88288288288288
676,239.9499516931581,112.18441273326016,112.18441273326016,2.003293084522503,74.12184412733261
677,289.6359779049718,172.54545454545453,335.1363636363636,56.409090909090914,56.409090909090914
678,313.05665808095335,248.86363636363635,745.0547138047139,10.753367003367003,127.50420875420876
679,280.12385514567217,1.7168391345249294,377.70460959548444,1.7168391345249294,200.87017873941673
680,262.73975930201846,76.88064192577734,91.52457372116349,91.52457372116349,91.52457372116349
681,101.40940936696944,274.93506493506493,1023.8961038961038,71.1038961038961,407.6623376623376
682,183.09997006011085,372.8776978417266,711.6187050359712,55.143884892086334,102.41007194244604
683,198.0355032823034,41.256648936170215,41.256648936170215,41.256648936170215,41.256648936170215
684,352.2627088124057,9.55497382198953,9.55497382198953,10.919970082273746,10.919970082273746
685,155.4324138872443,77.33050847457626,482.5423728813559,77.33050847457626,77.33050847457626
686,259.8247286644135,118.45841784989858,595.9939148073023,0.0,0.0
687,108.91673998336829,75.12106537530266,490.49636803874085,92.79661016949153,92.79661016949153
688,134.47113969688078,164.6078431372549,164.6078431372549,3.5784313725490198,3.5784313725490198
689,614.2352773146179,1.565180102915952,233.9944253859348,1.565180102915952,1.565180102915952
690,142.4869576330507,246.25693160813307,961.4140480591498,6.7467652495378925,6.7467652495378925
691,109.11545115231384,180.73671497584542,811.1111111111111,0.0,13.22463768115942
692,203.28608404154662,44.91580310880829,749.3847150259068,2.3639896373056994,44.91580310880829
693,148.20656316907335,771.4920071047957,771.4920071047957,19.449378330373,171.80284191829486
694,304.35953462463345,189.61038961038963,189.61038961038963,3.16017316017316,91.64502164502164
695,405.97958221085946,104.21804023361454,104.21804023361454,3.5528877352368595,41.45035691109669
696,273.03936030733394,12.319189971070395,66.87560270009644,0.0,24.63837994214079
697,361.87769203524005,14.610625909752548,14.610625909752548,14.610625909752548,43.83187772925764
698,578.3768355221483,3.324225865209472,172.85974499089255,0.0,35.73542805100182
699,258.6472739471382,3.716904276985743,3.716904276985743,3.716904276985743,22.30142566191446
700,159.7840203013091,228.500823723229,228.500823723229,6.013179571663921,6.013179571663921
701,118.35292976633072,138.19599109131403,634.075723830735,191.03563474387528,223.55233853006683
702,166.35058451914165,228.125,228.125,43.31487341772152,43.31487341772152
703,306.4779792136969,39.230438521066205,222.82889079965608,6.276870163370593,32.953568357695616
704,424.4587240399409,56.64183736809435,113.2836747361887,66.83736809435133,66.83736809435133
705,206.38820589293806,60.60025542784164,1347.1902937420177,55.93869731800766,55.93869731800766
706,349.65763064839433,273.68123587038434,1003.9562923888469,34.38206480783723,34.38206480783723
707,129.0168894192353,189.94897959183675,294.234693877551,70.76530612244898,167.60204081632654
708,406.06296288386153,176.34565499351493,271.0278858625162,16.56939040207523,30.77172503242542
709,140.54866527730556,27.340823970037455,27.340823970037455,27.340823970037455,27.340823970037455
710,259.08755804382776,9.273373983739837,9.273373983739837,1.8546747967479678,1.8546747967479678
711,300.8222152676522,399.51838879159374,455.4509632224168,14.382661996497372,91.09019264448335
712,139.7377034561313,110.18867924528303,110.18867924528303,92.97169811320755,92.97169811320755
713,257.15706390385327,237.47438524590163,237.47438524590163,9.349385245901638,9.349385245901638
714,524.4541851764484,70.58011049723757,70.58011049723757,61.41386238071321,70.58011049723757
715,192.2456493145811,12.5,942.5000000000001,12.5,12.5
716,204.15644028622506,292.0,633.4516129032259,21.193548387096776,98.90322580645162
717,155.32793606392983,442.3305084745763,1515.677966101695,9.279661016949152,9.279661016949152
718,185.95612411200648,806.5155807365438,806.5155807365438,38.774787535410766,56.86968838526912
719,180.5258864346685,146.53284671532847,146.53284671532847,13.321167883211679,13.321167883211679
720,149.76490423654445,60.9402460456942,60.9402460456942,44.90333919156414,44.90333919156414
721,122.47385614521309,35.322580645161295,1640.5376344086021,43.17204301075269,188.38709677419354
722,134.4755696085166,755.0490196078431,1295.3921568627452,21.470588235294116,21.470588235294116
723,390.59450113936225,219.04922454484154,219.04922454484154,40.61024949426837,40.61024949426837
724,193.69040450505653,4.965986394557823,119.18367346938777,0.0,69.52380952380953
725,184.8489080632007,116.98717948717947,116.98717948717947,0.0,155.98290598290598
726,170.64944798511377,56.32716049382716,56.32716049382716,8.449074074074074,115.47067901234568
727,175.0467325754411,126.2406015037594,126.2406015037594,21.954887218045116,126.2406015037594
728,142.5300126743009,134.93530499075786,340.7116451016636,33.733826247689464,33.733826247689464
729,145.97926193641473,273.4205776173285,280.0090252707581,9.882671480144404,214.1245487364621
730,253.40560220388423,28.45634095634096,398.3887733887734,9.485446985446986,18.97089397089397
731,473.35561799486413,42.65442404006678,228.5058430717863,23.358375069560378,42.65442404006678
732,178.06823849005323,180.8801775147929,302.3668639053255,29.69674556213018,29.69674556213018
733,164.39193958589914,394.8317307692308,412.3798076923077,46.794871794871796,58.49358974358974
734,299.67444811173937,49.71441124780316,49.71441124780316,0.0,0.0
735,138.1114637836175,104.48473282442748,156.72709923664124,24.37977099236641,24.37977099236641
736,112.29399989565839,711.1502347417841,711.1502347417841,77.11267605633803,77.11267605633803
737,142.26855007257126,635.3703703703703,635.3703703703703,30.416666666666668,196.01851851851853
738,239.24015841336126,54.26762114537445,90.44603524229075,16.079295154185022,26.128854625550662
739,107.79595717563905,111.55256723716381,111.55256723716381,111.55256723716381,111.55256723716381
740,225.50518835789555,74.62032710280373,74.62032710280373,29.848130841121492,29.848130841121492
741,156.5535591482353,27.651515151515152,27.651515151515152,6.1447811447811445,27.651515151515152
742,126.65116667781741,60.70686070686071,591.8918918918919,56.91268191268192,56.91268191268192
743,240.9026191188223,175.5191256830601,175.5191256830601,11.967213114754099,137.62295081967216
744,262.7020549245739,93.35506519558676,243.45536609829486,32.948846539618856,188.5406218655968
745,245.27168650197078,147.01933404940925,147.01933404940925,19.602577873254564,19.602577873254564
746,120.16155850988994,164.08991228070175,164.08991228070175,0.0,32.01754385964912
747,100.63293758728874,62.10732984293194,902.9450261780105,224.54188481675394,401.3089005235602
748,208.29259496400664,311.4728192161821,526.0429835651075,39.22250316055626,39.22250316055626
749,150.37149992181193,565.7180385288966,565.7180385288966,51.13835376532399,501.7950963222417
750,231.28506582900795,361.67425968109336,798.1776765375854,83.14350797266515,147.57972665148066
751,147.2874421980602,146.91413237924866,1345.0805008944544,16.323792486583184,16.323792486583184
752,329.79210235439734,91.83306709265176,102.0367412140575,16.03434504792332,91.83306709265176
753,165.66239932917415,17.40858505564388,17.40858505564388,17.40858505564388,17.40858505564388
754,133.3411126941123,342.6383399209486,461.6600790513834,32.4604743083004,270.50395256917
755,143.8332518392783,467.9487179487179,467.9487179487179,73.53479853479854,90.24725274725274
756,171.08565309488128,236.2095531587057,236.2095531587057,109.66872110939907,109.66872110939907
757,166.42669932414051,127.05696202531645,210.7990506329114,112.61867088607596,233.90031645569618
758,318.8007280851604,343.88429752066116,343.88429752066116,3.0165289256198347,19.607438016528924
759,159.03365474640393,356.53973509933775,356.53973509933775,36.258278145695364,36.258278145695364
760,255.29403114461752,156.32094943240452,265.55727554179566,0.0,0.0
761,648.769364303237,11.114494518879415,26.674786845310596,17.042224928948436,17.042224928948436
762,134.96442608085388,60.595703125,1236.865234375,24.951171875,171.09375
763,213.45284411391185,11.265432098765432,1241.4506172839506,45.06172839506173,76.60493827160494
764,221.70919332916475,125.71258907363419,125.71258907363419,0.0,10.837292161520189
765,271.7257679692953,17.684108527131784,17.684108527131784,17.684108527131784,88.42054263565892
766,290.9139933431434,8.265398550724639,8.265398550724639,6.61231884057971,56.20471014492754
767,342.98002775211194,35.04224270353303,171.0061443932412,0.0,25.23041474654378
768,152.15324950054512,451.5138408304498,451.5138408304498,59.99134948096885,59.99134948096885
769,151.28549307223096,629.5296167247386,629.5296167247386,3.1794425087108014,19.076655052264808
770,179.25342992897765,128.8235294117647,128.8235294117647,8.051470588235293,8.051470588235293
771,348.7317718395737,168.16465256797582,282.571752265861,2.756797583081571,2.756797583081571
772,186.9980935214639,575.774647887324,1215.8098591549297,17.992957746478876,17.992957746478876
773,238.01521469711906,115.07190265486726,201.88053097345133,6.056415929203539,6.056415929203539
774,92.13422240627004,130.35714285714286,130.35714285714286,130.35714285714286,130.35714285714286
775,232.9048361385542,4.1289592760181,4.1289592760181,4.1289592760181,4.1289592760181
776,154.9462465299606,124.14965986394559,372.44897959183675,80.69727891156462,111.73469387755102
777,426.1519721441402,260.553152039555,347.40420271940667,82.33930778739183,82.33930778739183
778,467.99889601960086,1.0270118176702308,1.0270118176702308,0.0,139.67360720315136
779,149.06687444164908,274.0724381625442,293.4187279151944,29.01943462897526,190.23851590106008
780,178.8832196385438,413.91752577319585,413.91752577319585,83.32106038291604,110.19882179675994
781,143.02974963043863,332.7348066298343,332.7348066298343,134.43830570902395,268.8766114180479
782,152.5176363226562,163.90328151986185,163.90328151986185,53.58376511226252,144.99136442141622
783,306.7309606142775,56.44329896907217,103.47938144329896,31.357388316151205,183.44072164948454
784,233.52378046164947,141.967305524239,440.304396843292,39.09244644870349,39.09244644870349
785,198.09328976103976,414.9933510638298,1072.6728723404256,60.671542553191486,150.4654255319149
786,151.89409186948254,136.0051993067591,699.003466204506,0.0,6.325823223570191
787,160.60285471713925,335.08196721311475,335.08196721311475,65.81967213114754,236.35245901639345
788,355.3446118154809,2.705707931801334,62.231282431430685,2.705707931801334,2.705707931801334
789,249.65469156385865,92.40506329113924,515.9282700421941,1.9251054852320673,1.9251054852320673
790,259.28102212693875,467.3780487804878,467.3780487804878,29.674796747967484,29.674796747967484
791,280.0154030623031,173.40075258701788,365.68673565380993,5.1505174035747885,5.1505174035747885
792,165.79706389047098,98.64864864864866,351.0731319554849,98.64864864864866,235.01589825119237
793,94.5451956095481,208.42618384401115,208.42618384401115,15.250696378830085,259.26183844011143
794,327.8322022389442,10.261044176706829,523.3132530120482,5.863453815261044,5.863453815261044
795,403.97314443135707,210.5769230769231,210.5769230769231,14.276401564537158,17.84550195567145
796,106.99115504465865,1051.847290640394,-1.0,80.91133004926108,94.39655172413794
797,87.92411115223436,562.7994011976048,562.7994011976048,158.45808383233535,240.41916167664672
798,148.06778424699667,724.1548042704626,724.1548042704626,19.483985765124554,42.2153024911032
799,333.34039967626893,4.32806324110672,139.9407114624506,0.0,64.9209486166008
800,212.74492526564921,219.09034653465346,219.09034653465346,47.431930693069305,58.725247524752476
801,283.1916238238954,426.1162790697674,643.4186046511628,5.093023255813954,200.32558139534885
802,309.24283989953204,111.92504258943782,335.77512776831344,31.09028960817717,31.09028960817717
803,138.5656763392975,72.86121673003802,-1.0,58.9828897338403,58.9828897338403
804,445.41665818884155,157.56948551153164,222.32406859846245,0.0,11.871673565937316
805,117.3632245261986,912.5,-1.0,36.827354260089685,339.63004484304935
806,242.89065950454358,98.96963123644252,98.96963123644252,59.3817787418655,59.3817787418655
807,316.5202206816258,145.75707154742096,425.12479201331115,3.0366056572379367,7.591514143094842
808,180.57673971352165,1109.365889212828,-1.0,0.0,0.0
809,190.25532891228568,308.3795013850415,470.1523545706371,2.527700831024931,2.527700831024931
810,265.3454561998418,237.41310824230388,237.41310824230388,65.24329692154916,106.92651439920557
811,173.7331959024702,387.1212121212121,387.1212121212121,0.0,0.0
812,139.56663977530854,6.886792452830189,468.3018867924528,6.886792452830189,6.886792452830189
813,256.7430798531785,183.43589743589743,183.43589743589743,20.58974358974359,22.46153846153846
814,356.7294204767738,37.74002954209749,37.74002954209749,33.69645494830133,33.69645494830133
815,443.95194728847895,32.49258160237389,73.64985163204749,43.32344213649852,43.32344213649852
816,170.94289656842744,154.66101694915253,196.8412942989214,0.0,59.05238828967642
817,151.0299261738951,60.51483420593369,63.69982547993019,12.739965095986038,28.664921465968586
818,121.6753238666532,86.9047619047619,86.9047619047619,7.9004329004329,47.40259740259741
819,342.36603597960504,84.23076923076924,372.0192307692308,56.15384615384616,82.82692307692308
820,414.22839351348017,228.560076287349,228.560076287349,27.844882390336934,41.7673235855054
821,200.04026150573853,9.617918313570488,9.617918313570488,9.617918313570488,9.617918313570488
822,353.29421696317354,210.9433258762118,210.9433258762118,8.165548098434003,8.165548098434003
823,408.02230926230266,12.959974176888315,329.8902517753389,12.959974176888315,12.959974176888315
824,592.3567549785145,0.0,0.0,0.8114717652289907,0.8114717652289907
825,384.6067759835289,178.75,178.75,0.0,1.25
826,262.1371079370468,25.678391959798997,113.71859296482413,40.35175879396985,40.35175879396985
827,161.20810372377667,161.02941176470588,161.02941176470588,101.38888888888889,101.38888888888889
828,294.4436435807033,52.23613595706619,269.34257602862255,16.323792486583184,16.323792486583184
829,166.379136576746,153.04588607594937,153.04588607594937,11.550632911392405,11.550632911392405
830,191.99262542883892,120.16460905349795,120.16460905349795,25.03429355281207,120.16460905349795
831,103.73897643005463,240.86294416243655,240.86294416243655,0.0,472.46192893401013
832,226.20867915260786,274.06868451688007,274.06868451688007,8.49825378346915,8.49825378346915
833,105.54106093127483,1333.4788029925187,-1.0,0.0,0.0
834,262.0315979127342,64.19597989949749,187.0854271356784,0.0,0.0
835,260.37015704910254,173.63360323886639,173.63360323886639,16.624493927125506,49.87348178137652
836,198.69378335917074,312.2347480106101,580.9018567639257,65.35145888594165,108.91909814323607
837,172.50637562515766,103.09160305343511,824.7328244274809,8.3587786259542,8.3587786259542
838,106.3749796996277,623.3910891089109,623.3910891089109,9.034653465346535,388.490099009901
839,255.38697212448878,33.865979381443296,33.865979381443296,33.865979381443296,103.47938144329896
840,238.50172375013636,72.59668508287292,72.59668508287292,36.29834254143646,171.40883977900552
841,162.3085182560156,0.0,41.47727272727273,0.0,109.61850649350649
842,159.20706155187878,640.5629139072848,833.9403973509934,12.086092715231787,105.75331125827815
843,171.5573537145452,386.8663594470046,386.8663594470046,19.623655913978496,36.443932411674346
844,422.65162534141814,47.78678304239401,47.78678304239401,11.37780548628429,35.2711970074813
845,189.48325270179618,20.30598052851182,329.97218358831714,20.30598052851182,20.30598052851182
846,192.86658567292272,274.24863387978144,590.8811475409836,39.89071038251366,39.89071038251366
847,104.36434284929663,262.68939393939394,262.68939393939394,13.825757575757576,82.95454545454545
848,474.36383727161115,22.29317046085508,22.29317046085508,9.119933370349806,9.119933370349806
849,261.20505633193414,183.97177419354838,285.15625,3.6794354838709675,86.46673387096774
850,125.8136198432644,244.35146443514643,244.35146443514643,45.81589958158996,156.5376569037657
851,186.9493189173381,269.8943661971831,660.5985915492959,84.82394366197184,84.82394366197184
852,286.26506941706646,129.2778288868445,129.2778288868445,6.7157313707451705,55.40478380864766
853,63.70915972936056,226.2396694214876,1025.6198347107438,128.20247933884298,324.27685950413223
854,139.82774587086578,41.24293785310734,769.8681732580038,61.86440677966102,189.030131826742
855,234.12003950488403,39.0044994375703,104.6962879640045,30.79302587176603,30.79302587176603
856,132.3596621099851,72.70916334661355,1145.1693227091635,72.70916334661355,472.60956175298804
857,257.8094097134053,41.01123595505618,41.01123595505618,20.50561797752809,20.50561797752809
858,421.97856686628865,299.60986267166044,299.60986267166044,11.392009987515605,41.01123595505618
859,300.51815044367464,0.0,316.6958808063103,0.0,0.0
860,168.155255456854,48.62852664576803,91.5360501567398,145.88557993730407,151.6065830721003
861,127.0117694258466,124.948132780083,124.948132780083,90.8713692946058,90.8713692946058
862,272.959446462892,84.55598455598455,216.6747104247104,12.331081081081082,12.331081081081082
863,116.26783090492096,811.1111111111111,811.1111111111111,41.383219954648524,41.383219954648524
864,617.6166025469448,6.226012793176972,6.226012793176972,6.226012793176972,6.226012793176972
865,300.6392963106346,33.58895705521473,238.3216476774759,14.395267309377738,33.58895705521473
866,377.79874631255325,190.89958158995816,190.89958158995816,15.271966527196652,15.271966527196652
867,552.6824965410183,86.98760724499523,86.98760724499523,0.0,0.0
868,264.09600177759273,427.59222333001,1009.8454636091725,1.8195413758723826,1.8195413758723826
869,199.35183789488912,385.73315719947163,607.5297225891677,62.68163804491414,62.68163804491414
870,289.0735228135805,18.299908842297175,18.299908842297175,24.954421148587056,84.845031905196
871,283.7851728674222,142.3398328690808,142.3398328690808,44.05756731662024,50.83565459610028
872,181.0125387930405,42.50363901018923,42.50363901018923,42.50363901018923,130.16739446870452
873,169.99539421406524,240.50387596899228,1536.3953488372094,31.124031007751938,84.88372093023256
874,448.5202686310648,15.002935995302407,15.002935995302407,10.716382853787433,10.716382853787433
875,162.09513187146106,183.9837398373984,183.9837398373984,136.5040650406504,166.1788617886179
876,139.14632600470077,383.66477272727275,794.9810606060606,17.28219696969697,38.02083333333333
877,136.26854912069908,105.89941972920695,208.26885880077367,14.119922630560929,14.119922630560929
878,682.8096626038196,23.234953703703702,23.234953703703702,21.122685185185183,23.234953703703702
879,296.5158330942983,356.5719360568384,356.5719360568384,12.966252220248668,35.65719360568384
880,128.10766524882996,262.86008230452677,1043.9300411522634,202.77777777777777,206.53292181069958
881,229.97030952009922,20.9049255441008,788.1156930126002,20.9049255441008,91.98167239404353
882,248.44980867139742,94.83032873806998,94.83032873806998,50.31813361611877,50.31813361611877
883,194.67258733714806,651.9621109607577,651.9621109607577,0.0,51.86062246278755
884,319.35888020522026,144.55445544554456,144.55445544554456,22.58663366336634,22.58663366336634
885,232.2481307926329,188.29365079365078,494.5294784580499,31.037414965986397,31.037414965986397
886,205.06249517431579,288.52827763496146,288.52827763496146,53.95244215938303,53.95244215938303
887,187.27398905899759,51.33614627285513,51.33614627285513,5.133614627285514,5.133614627285514
888,179.0498674543557,21.470588235294116,687.0588235294117,0.0,155.66176470588235
889,641.4945001255949,48.71663244353183,62.956878850102676,3.747433264887064,5.246406570841889
890,334.69264135653316,153.63886703383162,199.58693941778128,25.845790715971678,37.33280881195909
891,178.25470693203596,35.044313146233385,35.044313146233385,35.044313146233385,248.0059084194978
892,290.3122476055924,33.12159709618875,87.77223230490019,13.248638838475499,19.872958257713247
893,149.71626393291942,157.43838028169014,157.43838028169014,6.426056338028169,163.86443661971833
894,173.34147172910446,593.5410334346504,593.5410334346504,36.056231003039514,55.47112462006079
895,226.9833381372119,171.4907192575406,199.0139211136891,40.22621809744779,148.20185614849188
896,259.9724114132169,323.58156028368796,674.8986828774063,18.4903748733536,146.07396149949344
897,108.69367307977582,415.3753026634382,1135.6537530266344,17.675544794188863,17.675544794188863
898,220.10245645038654,113.51674641148325,604.694976076555,58.94138755980862,58.94138755980862
899,430.9482154608842,131.6320293398533,131.6320293398533,18.963936430317847,53.54523227383863
900,137.3071642538629,31.52591170825336,66.55470249520154,7.005758157389635,91.07485604606525
901,275.27437736873225,123.99521531100478,148.444976076555,33.18181818181818,282.9186602870813
902,227.97845111702998,61.18497109826589,198.32369942196533,61.18497109826589,61.18497109826589
903,291.1268098345465,708.5294117647059,962.8733031674209,36.334841628959275,36.334841628959275
904,330.4655832747003,14.541832669322709,203.58565737051794,1.454183266932271,1.454183266932271
905,300.52592046089296,545.4206836108676,937.2918492550396,35.18843120070114,35.18843120070114
906,122.19140321094494,31.46551724137931,31.46551724137931,31.46551724137931,31.46551724137931
907,578.5545071986705,27.424863387978142,203.60883424408016,3.324225865209472,4.9863387978142075
908,229.6235192790885,52.32224770642202,52.32224770642202,6.2786697247706424,8.371559633027523
909,75.27887962668933,1154.9825174825176,1154.9825174825176,210.5769230769231,638.1118881118881
910,308.21696173189724,37.43589743589744,1528.6324786324788,37.43589743589744,37.43589743589744
911,143.61442959779197,23.440366972477065,23.440366972477065,23.440366972477065,190.87155963302754
912,182.6251039118787,57.93650793650794,57.93650793650794,23.701298701298704,23.701298701298704
913,202.01088753533801,114.21121251629727,159.41981747066492,28.552803129074317,28.552803129074317
914,147.96951911426518,55.204626334519574,305.2491103202847,6.494661921708185,584.5195729537367
915,393.08312511500446,36.69571045576407,234.85254691689008,4.892761394101877,4.892761394101877
916,168.0699337960531,291.77115987460814,291.77115987460814,85.81504702194358,314.65517241379314
917,152.02991640985312,41.11785095320624,907.7556325823224,41.11785095320624,224.56672443674177
918,327.21695184191844,343.84057971014494,1373.8929146537841,1.4694041867954912,88.16425120772946
919,419.6377108569095,13.74764595103578,13.74764595103578,5.728185812931575,5.728185812931575
920,146.65346191526893,26.21184919210054,26.21184919210054,0.0,0.0
921,325.6572588906808,56.1084142394822,56.1084142394822,0.0,56.1084142394822
922,449.89213037630304,3.2055035128805622,3.2055035128805622,12.822014051522249,12.822014051522249
923,387.0390601183973,129.20353982300884,267.1034717494895,6.211708645336963,6.211708645336963
924,309.7048403241726,55.86734693877551,85.35289115646259,7.759353741496599,20.174319727891156
925,215.34545841502543,20.10403916768666,20.10403916768666,20.10403916768666,20.10403916768666
926,210.09646801128662,244.70551378446115,484.83709273182956,32.01754385964912,134.93107769423557
927,387.8776846067435,396.7391304347826,396.7391304347826,12.398097826086957,75.62839673913042
928,278.5591437878841,25.89877010406812,222.72942289498582,5.179754020813624,5.179754020813624
929,366.49450273788756,81.34435657800144,419.84184040258805,10.496046010064703,148.2566498921639
930,441.84649535055416,75.08944543828265,75.08944543828265,4.353011329755516,56.58914728682171
931,364.6710717808899,36.921965317919074,784.5917630057803,25.054190751445088,25.054190751445088
932,161.95887655817862,5.934959349593496,1258.2113821138212,5.934959349593496,20.772357723577237
933,162.723548964375,248.05825242718447,248.05825242718447,62.01456310679612,62.01456310679612
934,157.66222572645825,76.1686143572621,938.3973288814692,0.0,0.0
935,289.8542223528937,29.863636363636367,48.11363636363636,4.9772727272727275,4.9772727272727275
936,178.65259718424113,250.33185840707964,250.33185840707964,13.458702064896755,145.35398230088495
937,118.8151735764021,635.3104212860311,1039.9667405764967,56.65188470066519,121.39689578713968
938,199.45308779647436,175.99075297225892,807.6287978863936,28.929986789960367,91.6116248348745
939,232.53703042639142,258.35220838052095,498.10305775764436,26.86862967157418,26.86862967157418
940,113.79001479980394,299.9421296296296,299.9421296296296,50.69444444444444,50.69444444444444
941,274.0636813097692,103.53365384615384,140.3846153846154,5.2644230769230775,15.793269230769232
942,239.92752905737368,0.0,0.0,92.15148188803514,92.15148188803514
943,289.5514180704466,146.13284804367606,438.3985441310282,16.606005459508644,16.606005459508644
944,137.95094298355352,104.48473282442748,104.48473282442748,27.862595419847327,34.82824427480916
945,116.81897831620408,98.87133182844244,-1.0,53.55530474040632,53.55530474040632
946,280.2652567265797,394.50187969924815,397.93233082706763,3.430451127819549,3.430451127819549
947,274.400650303758,348.53646833013437,360.7965451055662,12.260076775431862,29.774472168905948
948,273.4439598672866,79.11849710982659,79.11849710982659,79.11849710982659,98.45857418111753
949,397.1446591769839,68.98209549071618,346.1206896551724,7.2612732095490715,7.2612732095490715
950,195.74272314212214,19.65006729475101,356.15746971736206,19.65006729475101,292.29475100942125
951,290.13094765095155,616.6212534059946,802.2706630336058,13.260672116257947,26.521344232515894
952,188.895609682637,30.543933054393303,71.26917712691771,30.543933054393303,71.26917712691771
953,369.881239734608,11.698717948717949,869.6047008547008,0.0,10.3988603988604
954,230.48252437384696,175.20000000000002,175.20000000000002,8.342857142857143,56.31428571428572
955,483.5024788372187,104.42779291553133,104.42779291553133,8.950953678474114,16.907356948228884
956,259.4639817696214,33.350253807106604,1213.5786802030457,27.791878172588834,33.350253807106604
957,139.41752880843003,3.449905482041588,3.449905482041588,3.449905482041588,93.14744801512288
958,441.78868009378357,333.005366726297,424.4186046511628,6.529516994633274,6.529516994633274
959,512.2368606680019,44.10025706940874,44.10025706940874,44.10025706940874,44.10025706940874
960,452.285153229031,109.47874199184625,416.6569598136284,7.440302853814794,7.440302853814794
961,167.35263444694533,247.16535433070865,247.16535433070865,20.11811023622047,181.06299212598424
962,133.30165630159624,0.0,0.0,0.0,28.85375494071146
963,309.328488956894,91.71635434412265,91.71635434412265,0.0,43.52640545144804
964,242.9902411995514,114.80477223427333,382.02277657266814,0.0,0.0
965,121.5326437827774,221.69197396963122,221.69197396963122,35.62906724511931,312.7440347071584
966,165.41808546877633,139.4904458598726,1051.9904458598726,61.02707006369427,61.02707006369427
967,382.2810985664022,57.856650585802896,293.0565127498277,44.021364576154376,57.856650585802896
968,137.55022223112573,325.14367816091954,1115.2777777777778,6.992337164750958,6.992337164750958
969,479.2426544870457,15.049477735019241,15.049477735019241,5.016492578339747,5.016492578339747
970,209.7303057854588,277.4183417085427,669.4723618090452,43.561557788944725,43.561557788944725
971,178.55229364935374,72.67699115044248,72.67699115044248,72.67699115044248,72.67699115044248
972,406.48878443371683,21.289695398574207,21.289695398574207,5.913804277381724,21.289695398574207
973,130.9986260905446,910.6639839034206,910.6639839034206,179.9295774647887,293.7625754527163
974,221.86426064788378,78.02850356294536,342.45843230403796,4.3349168646080765,49.851543942992876
975,655.3528147252279,19.805064308681672,74.08561093247587,19.805064308681672,74.08561093247587
976,116.73356075055923,308.9729119638826,308.9729119638826,123.58916478555305,284.255079006772
977,231.47845460920885,72.66780432309443,361.26279863481227,31.14334470989761,31.14334470989761
978,142.41012464795838,138.3086876155268,455.40665434380776,16.866913123844732,37.107208872458415
979,150.0893459726868,409.82456140350877,486.6666666666667,57.631578947368425,57.631578947368425
980,245.06929267370063,66.72043010752688,304.16666666666663,66.72043010752688,133.44086021505376
981,625.6809825226172,20.747368421052634,869.0842105263158,20.747368421052634,20.747368421052634
982,144.703683973437,89.75409836065573,89.75409836065573,6.648451730418944,6.648451730418944
983,235.79046501249118,114.18994413407822,114.18994413407822,14.273743016759777,14.273743016759777
984,228.03735350529573,8.429561200923787,8.429561200923787,8.429561200923787,10.536951501154734
985,163.50141884404536,67.5925925925926,67.5925925925926,23.51046698872786,23.51046698872786
986,270.1080591675625,71.21951219512195,566.1951219512196,21.365853658536587,21.365853658536587
987,194.93898986128642,12.331081081081082,614.0878378378378,12.331081081081082,12.331081081081082
988,169.6626676842738,53.84316770186336,53.84316770186336,11.335403726708075,11.335403726708075
989,141.11873661108987,190.67164179104478,190.67164179104478,57.882462686567166,57.882462686567166
990,208.9007754272723,359.0163934426229,359.0163934426229,36.82219419924338,80.5485498108449
991,201.27823600477734,623.4620418848168,826.5052356020942,2.3887434554973823,2.3887434554973823
992,263.25414477934714,91.34134134134135,553.5285285285286,7.307307307307307,21.92192192192192
993,335.9128962635496,385.0392156862745,659.8627450980392,54.3921568627451,91.6078431372549
994,229.9877564263486,71.07674684994272,71.07674684994272,33.447880870561285,221.5922107674685
995,356.3347794581468,26.97708795269771,26.97708795269771,6.744271988174427,6.744271988174427
996,283.7262330145135,40.66852367688022,350.766016713092,20.33426183844011,20.33426183844011
997,221.50099011360265,236.53388822829962,236.53388822829962,17.3602853745541,17.3602853745541
998,215.4785232105131,78.08679706601467,78.08679706601467,64.70048899755501,95.93520782396088
999,759.6680164858169,136.68515950069346,220.84778085991678,1.8984049930651872,1.8984049930651872
