id,instrumentid,footprint
1,9,"POLYGON ((-0.22083 -0.22083, -0.22083 0.22083, 0.22083 0.22083, 0.22083 -0.22083, -0.22083 -0.22083))"
2,10,"POLYGON ((-0.08333 -0.08333, -0.08333 0.08333, 0.08333 0.08333, 0.08333 -0.08333, -0.08333 -0.08333))"
3,11,"POLYGON ((-1.118 -1.118, -1.118 1.118, 1.118 1.118, 1.118 -1.118, -1.118 -1.118))"
4,12,"POLYGON ((-0.141667 -0.141667, -0.141667 0.141667, 0.141667 0.141667, 0.141667 -0.141667, -0.141667 -0.141667))"
5,13,"POLYGON ((0.2 0, 0.1827090915285202 -0.08134732861516003, 0.1338261212717717 -0.1486289650954788, 0.06180339887498949 -0.1902113032590307, -0.02090569265353067 -0.1989043790736547, -0.09999999999999996 -0.1732050807568878, -0.1618033988749895 -0.1175570504584947, -0.1956295201467611 -0.04158233816355195, -0.1956295201467612 0.04158233816355181, -0.1618033988749895 0.1175570504584946, -0.1000000000000001 0.1732050807568877, -0.02090569265353085 0.1989043790736547, 0.06180339887498945 0.1902113032590307, 0.1338261212717716 0.1486289650954789, 0.1827090915285201 0.0813473286151602, 0.2 0))"
6,21,"POLYGON ((0 0.1667, 0.0515 0.1585, 0.098 0.1348, 0.1348 0.098, 0.1585 0.0515, 0.1667 0, 0.1585 -0.0515, 0.1348 -0.098, 0.098 -0.1348, 0.0515 -0.1585, 0 -0.1667, -0.0515 -0.1585, -0.098 -0.1348, -0.1348 -0.098, -0.1585 -0.0515, -0.1667 0, -0.1585 0.0515, -0.1348 0.098, -0.098 0.1348, -0.0515 0.1585, 0 0.1667))"
7,22,"POLYGON ((-0.0225 0.0225, 0.0225 0.0225, 0.0225 -0.0225, -0.0225 -0.0225, -0.0225 0.0225))"
8,23,"POLYGON ((-0.0583 0.0583, 0.0583 0.0583, 0.0583 -0.0583, -0.0583 -0.0583, -0.0583 0.0583))"
9,24,"POLYGON ((-0.0283 0.0283, 0.0283 0.0283, 0.0283 -0.0283, -0.0283 -0.0283, -0.0283 0.0283))"
10,25,"POLYGON ((-0.125 0.0667, 0.125 0.0667, 0.125 -0.0667, -0.125 -0.0667, -0.125 0.0667))"
11,26,"POLYGON ((-0.0342 0.0342, 0.0342 0.0342, 0.0342 -0.0342, -0.0342 -0.0342, -0.0342 0.0342))"
23,34,"POLYGON ((-0.5 0.5, 0.5 0.5, 0.5 -0.5, -0.5 -0.5, -0.5 0.5))"
24,35,"POLYGON ((0 1, 0.309 0.9510999999999999, 0.5878 0.8090000000000001, 0.8090000000000001 0.5878, 0.9510999999999999 0.309, 1 0, 0.9510999999999999 -0.309, 0.8090000000000001 -0.5878, 0.5878 -0.8090000000000001, 0.309 -0.9510999999999999, 0 -1, -0.309 -0.9510999999999999, -0.5878 -0.8090000000000001, -0.8090000000000001 -0.5878, -0.9510999999999999 -0.309, -1 0, -0.9510999999999999 0.309, -0.8090000000000001 0.5878, -0.5878 0.8090000000000001, -0.309 0.9510999999999999, 0 1))"
25,36,"POLYGON ((-0.00028 0.00028, 0.00028 0.00028, 0.00028 -0.00028, -0.00028 -0.00028, -0.00028 0.00028))"
26,36,"POLYGON ((-0.00028 0.00028, 0.00028 0.00028, 0.00028 -0.00028, -0.00028 -0.00028, -0.00028 0.00028))"
27,37,"POLYGON ((-0.01667 0.01667, 0.01667 0.01667, 0.01667 -0.01667, -0.01667 -0.01667, -0.01667 0.01667))"
28,37,"POLYGON ((-0.01667 0.01667, 0.01667 0.01667, 0.01667 -0.01667, -0.01667 -0.01667, -0.01667 0.01667))"
29,38,"POLYGON ((-0.45778 0.9841, -0.45829 0.83477, -0.15913 0.83446, -0.15868 0.98363, -0.45778 0.9841))"
30,38,"POLYGON ((0.16321 0.9830100000000001, 0.1629 0.83384, 0.46203 0.83283, 0.46229 0.98215, 0.16321 0.9830100000000001))"
31,38,"POLYGON ((-0.61347 0.82017, -0.61408 0.6708, -0.31502 0.67061, -0.31444 0.81987, -0.61347 0.82017))"
32,38,"POLYGON ((-0.30312 0.81992, -0.30363 0.67066, -0.00415 0.67032, -0.00383 0.81957, -0.30312 0.81992))"
33,38,"POLYGON ((0.00756 0.81951, 0.00714 0.67027, 0.3066 0.66932, 0.30685 0.81857, 0.00756 0.81951))"
34,38,"POLYGON ((0.31805 0.81854, 0.31787 0.6692900000000001, 0.61689 0.66819, 0.61703 0.81753, 0.31805 0.81854))"
35,38,"POLYGON ((-0.76911 0.65595, -0.7696499999999999 0.50649, -0.47083 0.50647, -0.47027 0.65591, -0.76911 0.65595))"
36,38,"POLYGON ((-0.45892 0.65605, -0.45963 0.50661, -0.16018 0.50613, -0.15962 0.65561, -0.45892 0.65605))"
37,38,"POLYGON ((-0.14837 0.6555800000000001, -0.14882 0.5061, 0.15093 0.50549, 0.15119 0.6549700000000001, -0.14837 0.6555800000000001))"
38,38,"POLYGON ((0.16245 0.65502, 0.16215 0.50554, 0.46158 0.50452, 0.46174 0.65395, 0.16245 0.65502))"
39,38,"POLYGON ((0.47313 0.65388, 0.47295 0.50444, 0.77173 0.50321, 0.77193 0.65265, 0.47313 0.65388))"
40,38,"POLYGON ((-0.92475 0.49178, -0.92526 0.34225, -0.62671 0.34197, -0.6261 0.49155, -0.92475 0.49178))"
41,38,"POLYGON ((-0.61494 0.49179, -0.61557 0.3422, -0.31633 0.34186, -0.31579 0.49155, -0.61494 0.49179))"
42,38,"POLYGON ((-0.30438 0.49166, -0.30489 0.34196, -0.00506 0.34146, -0.00469 0.4912, -0.30438 0.49166))"
43,38,"POLYGON ((0.00664 0.49092, 0.0063 0.34118, 0.30611 0.34049, 0.30632 0.49018, 0.00664 0.49092))"
44,38,"POLYGON ((0.3177 0.49032, 0.31741 0.34064, 0.61661 0.33955, 0.61681 0.48912, 0.3177 0.49032))"
45,38,"POLYGON ((0.62825 0.48899, 0.6281600000000001 0.33941, 0.92666 0.3385, 0.92685 0.48802, 0.62825 0.48899))"
46,38,"POLYGON ((-0.9252 0.32766, -0.92567 0.17808, -0.62717 0.17773, -0.62666 0.32745, -0.9252 0.32766))"
47,38,"POLYGON ((-0.61555 0.32727, -0.61612 0.17754, -0.31682 0.17703, -0.31632 0.3269, -0.61555 0.32727))"
48,38,"POLYGON ((-0.30499 0.32709, -0.30545 0.17722, -0.00553 0.17667, -0.00515 0.32659, -0.30499 0.32709))"
49,38,"POLYGON ((0.00627 0.32666, 0.00584 0.17674, 0.30575 0.17594, 0.30609 0.3258, 0.00627 0.32666))"
50,38,"POLYGON ((0.31762 0.32578, 0.31731 0.17591, 0.61658 0.17504, 0.61682 0.32476, 0.31762 0.32578))"
51,38,"POLYGON ((0.62801 0.32471, 0.62778 0.175, 0.92623 0.1741, 0.9265099999999999 0.32367, 0.62801 0.32471))"
52,38,"POLYGON ((-1.08091 0.16329, -1.08128 0.01372, -0.78281 0.01317, -0.78241 0.16289, -1.08091 0.16329))"
53,38,"POLYGON ((-0.7710900000000001 0.16305, -0.77154 0.01334, -0.47266 0.01272, -0.47223 0.16262, -0.7710900000000001 0.16305))"
54,38,"POLYGON ((-0.46085 0.16246, -0.46131 0.01256, -0.16159 0.01188, -0.16117 0.16189, -0.46085 0.16246))"
55,38,"POLYGON ((-0.14963 0.16201, -0.14998 0.012, 0.15006 0.01146, 0.15039 0.16147, -0.14963 0.16201))"
56,38,"POLYGON ((0.16153 0.16121, 0.1612 0.01121, 0.46089 0.01064, 0.46119 0.16052, 0.16153 0.16121))"
57,38,"POLYGON ((0.47276 0.16047, 0.47245 0.01059, 0.77128 0.009990000000000001, 0.77158 0.15968, 0.47276 0.16047))"
58,38,"POLYGON ((1.08091 0.16329, 1.08128 0.07479, 0.78281 0.07486, 0.78241 0.16289, 1.08091 0.16329))"
59,38,"POLYGON ((-1.08144 -0.00096, -1.08189 -0.15053, -0.78337 -0.15141, -0.7829700000000001 -0.00171, -1.08144 -0.00096))"
60,38,"POLYGON ((-0.7716499999999999 -0.00159, -0.77199 -0.1513, -0.47313 -0.15214, -0.47277 -0.00224, -0.7716499999999999 -0.00159))"
61,38,"POLYGON ((-0.46145 -0.0023, -0.46176 -0.1522, -0.16206 -0.15285, -0.16174 -0.00284, -0.46145 -0.0023))"
62,38,"POLYGON ((-0.15034 -0.00289, -0.1507 -0.1529, 0.14932 -0.15351, 0.14971 -0.0035, -0.15034 -0.00289))"
63,38,"POLYGON ((0.16085 -0.00372, 0.16057 -0.15373, 0.46024 -0.154, 0.46054 -0.00411, 0.16085 -0.00372))"
64,38,"POLYGON ((0.47203 -0.00414, 0.47162 -0.15403, 0.77045 -0.15445, 0.77086 -0.00475, 0.47203 -0.00414))"
65,38,"POLYGON ((0.7823 -0.00485, 0.78184 -0.15454, 1.08026 -0.15511, 1.08068 -0.00556, 0.7823 -0.00485))"
66,38,"POLYGON ((-0.9268999999999999 -0.16582, -0.92714 -0.31541, -0.62858 -0.31627, -0.6284 -0.16654, -0.9268999999999999 -0.16582))"
67,38,"POLYGON ((-0.61714 -0.16665, -0.61733 -0.31638, -0.31808 -0.31722, -0.31784 -0.16735, -0.61714 -0.16665))"
68,38,"POLYGON ((-0.30634 -0.16734, -0.30658 -0.31721, -0.00673 -0.31783, -0.0064 -0.1679, -0.30634 -0.16734))"
69,38,"POLYGON ((0.00503 -0.16814, 0.00467 -0.31806, 0.30451 -0.31851, 0.30496 -0.16865, 0.00503 -0.16814))"
70,38,"POLYGON ((0.31631 -0.1687, 0.31586 -0.31857, 0.61509 -0.31884, 0.61559 -0.16912, 0.31631 -0.1687))"
71,38,"POLYGON ((0.62681 -0.16919, 0.62629 -0.31891, 0.92479 -0.31917, 0.92527 -0.1696, 0.62681 -0.16919))"
72,38,"POLYGON ((-0.92726 -0.3301, -0.92747 -0.47964, -0.62879 -0.4805, -0.62869 -0.33091, -0.92726 -0.3301))"
73,38,"POLYGON ((-0.61763 -0.33112, -0.61773 -0.48071, -0.31856 -0.48164, -0.31838 -0.33194, -0.61763 -0.33112))"
74,38,"POLYGON ((-0.30667 -0.33204, -0.30696 -0.48173, -0.00726 -0.48259, -0.00683 -0.33286, -0.30667 -0.33204))"
75,38,"POLYGON ((0.00427 -0.33295, 0.00395 -0.48268, 0.30365 -0.48301, 0.3041 -0.33332, 0.00427 -0.33295))"
76,38,"POLYGON ((0.31578 -0.33331, 0.31525 -0.48301, 0.61439 -0.48321, 0.615 -0.33363, 0.31578 -0.33331))"
77,38,"POLYGON ((0.6262799999999999 -0.33357, 0.62569 -0.48315, 0.92431 -0.48334, 0.92479 -0.33382, 0.6262799999999999 -0.33357))"
78,38,"POLYGON ((-0.77241 -0.49494, -0.77263 -0.64441, -0.47375 -0.64555, -0.47357 -0.49609, -0.77241 -0.49494))"
79,38,"POLYGON ((-0.46235 -0.49602, -0.46245 -0.64552, -0.1626 -0.64645, -0.16228 -0.49692, -0.46235 -0.49602))"
80,38,"POLYGON ((-0.15134 -0.49686, -0.15165 -0.64635, 0.14793 -0.64699, 0.14842 -0.4975, -0.15134 -0.49686))"
81,38,"POLYGON ((0.15967 -0.4977, 0.15915 -0.64718, 0.45847 -0.64752, 0.45913 -0.49808, 0.15967 -0.4977))"
82,38,"POLYGON ((0.47042 -0.49794, 0.46981 -0.64738, 0.76863 -0.64751, 0.76922 -0.49806, 0.47042 -0.49794))"
83,38,"POLYGON ((-0.61755 -0.65969, -0.61776 -0.80906, -0.31869 -0.81008, -0.31846 -0.66081, -0.61755 -0.65969))"
84,38,"POLYGON ((-0.30734 -0.66077, -0.30753 -0.81004, -0.008200000000000001 -0.81081, -0.00783 -0.66155, -0.30734 -0.66077))"
85,38,"POLYGON ((0.00361 -0.66173, 0.00332 -0.8110000000000001, 0.30265 -0.81123, 0.30311 -0.66196, 0.00361 -0.66173))"
86,38,"POLYGON ((0.31438 -0.66205, 0.31387 -0.81132, 0.61289 -0.81146, 0.61343 -0.66209, 0.31438 -0.66205))"
87,38,"POLYGON ((-0.46259 -0.82435, -0.46291 -0.97371, -0.16376 -0.97458, -0.16339 -0.8254, -0.46259 -0.82435))"
88,38,"POLYGON ((0.15869 -0.82596, 0.15818 -0.97514, 0.45731 -0.97568, 0.45786 -0.82634, 0.15869 -0.82596))"
89,39,"POLYGON ((-0.0808 0.0808, 0.0808 0.0808, 0.0808 -0.0808, -0.0808 -0.0808, -0.0808 0.0808))"
90,40,"POLYGON ((0 4, 1.2361 3.8042, 2.3511 3.2361, 3.2361 2.3511, 3.8042 1.2361, 4 0, 3.8042 -1.2361, 3.2361 -2.3511, 2.3511 -3.2361, 1.2361 -3.8042, 0 -4, -1.2361 -3.8042, -2.3511 -3.2361, -3.2361 -2.3511, -3.8042 -1.2361, -4 0, -3.8042 1.2361, -3.2361 2.3511, -2.3511 3.2361, -1.2361 3.8042, 0 4))"
139,47,"POLYGON ((-1.77524 0.96154, -1.77518 0.10631, -0.92216 0.10631, -0.9221 0.96154, -1.77524 0.96154))"
140,47,"POLYGON ((-0.91029 0.96005, -0.91023 0.10481, -0.05721 0.10481, -0.05715 0.96005, -0.91029 0.96005))"
91,41,"POLYGON ((0 5, 1.5451 4.7553, 2.9389 4.0451, 4.0451 2.9389, 4.7553 1.5451, 5 0, 4.7553 -1.5451, 4.0451 -2.9389, 2.9389 -4.0451, 1.5451 -4.7553, 0 -5, -1.5451 -4.7553, -2.9389 -4.0451, -4.0451 -2.9389, -4.7553 -1.5451, -5 0, -4.7553 1.5451, -4.0451 2.9389, -2.9389 4.0451, -1.5451 4.7553, 0 5))"
92,42,"POLYGON ((-0.5 0.5, 0.5 0.5, 0.5 -0.5, -0.5 -0.5, -0.5 0.5))"
93,43,"POLYGON ((-0.2083 0.1417, 0.2083 0.1417, 0.2083 -0.1417, -0.2083 -0.1417, -0.2083 0.1417))"
94,44,"POLYGON ((-2.48 2.48, 2.48 2.48, 2.48 -2.48, -2.48 -2.48, -2.48 2.48))"
95,45,"POLYGON ((-0.0417 0.0417, 0.0417 0.0417, 0.0417 -0.0417, -0.0417 -0.0417, -0.0417 0.0417))"
96,46,"POLYGON ((-0.35 0.35, 0.35 0.35, 0.35 -0.35, -0.35 -0.35, -0.35 0.35))"
97,47,"POLYGON ((2.79091 -2.0107, 2.79063 -2.86594, 3.64472 -2.86594, 3.64445 -2.0107, 2.79091 -2.0107))"
98,47,"POLYGON ((1.92541 -2.00761, 1.92514 -2.86284, 2.77922 -2.86284, 2.77895 -2.00761, 1.92541 -2.00761))"
99,47,"POLYGON ((1.92198 -2.87396, 1.92161 -3.7292, 2.77644 -3.7292, 2.77607 -2.87396, 1.92198 -2.87396))"
100,47,"POLYGON ((2.78807 -2.87695, 2.78771 -3.73219, 3.64254 -3.73219, 3.64217 -2.87695, 2.78807 -2.87695))"
101,47,"POLYGON ((0.93337 -2.01029, 0.9331 -2.86552, 1.78719 -2.86552, 1.78691 -2.01029, 0.93337 -2.01029))"
102,47,"POLYGON ((0.06779 -2.00846, 0.06751 -2.86369, 0.9216 -2.86369, 0.92133 -2.00846, 0.06779 -2.00846))"
103,47,"POLYGON ((0.06551999999999999 -2.87489, 0.06515 -3.73013, 0.91998 -3.73013, 0.91961 -2.87489, 0.06551999999999999 -2.87489))"
104,47,"POLYGON ((0.93168 -2.87669, 0.93131 -3.73192, 1.78614 -3.73192, 1.78577 -2.87669, 0.93168 -2.87669))"
105,47,"POLYGON ((-0.92015 -2.00557, -0.92042 -2.86081, -0.06634 -2.86081, -0.06661 -2.00557, -0.92015 -2.00557))"
106,47,"POLYGON ((-1.78568 -2.00173, -1.78595 -2.85697, -0.93187 -2.85697, -0.93215 -2.00173, -1.78568 -2.00173))"
107,47,"POLYGON ((-1.79018 -2.86812, -1.79055 -3.72336, -0.93573 -3.72336, -0.93609 -2.86812, -1.79018 -2.86812))"
108,47,"POLYGON ((-0.9241200000000001 -2.87204, -0.92448 -3.72727, -0.06966 -3.72727, -0.07003 -2.87204, -0.9241200000000001 -2.87204))"
109,47,"POLYGON ((-2.78053 -1.99881, -2.7808 -2.85405, -1.92672 -2.85405, -1.92699 -1.99881, -2.78053 -1.99881))"
110,47,"POLYGON ((-3.64594 -1.99591, -3.64621 -2.85114, -2.79214 -2.85114, -2.79241 -1.99591, -3.64594 -1.99591))"
111,47,"POLYGON ((-3.64963 -2.86209, -3.64999 -3.71733, -2.79518 -3.71733, -2.79554 -2.86209, -3.64963 -2.86209))"
112,47,"POLYGON ((-2.78361 -2.86509, -2.78398 -3.72032, -1.92916 -3.72032, -1.92953 -2.86509, -2.78361 -2.86509))"
113,47,"POLYGON ((2.79713 -0.09755999999999999, 2.79707 -0.9528, 3.65021 -0.9528, 3.65015 -0.09755999999999999, 2.79713 -0.09755999999999999))"
114,47,"POLYGON ((1.93221 -0.09551, 1.93215 -0.95075, 2.78528 -0.95075, 2.78522 -0.09551, 1.93221 -0.09551))"
115,47,"POLYGON ((1.93011 -0.96191, 1.92995 -1.81715, 2.7834 -1.81715, 2.78325 -0.96191, 1.93011 -0.96191))"
116,47,"POLYGON ((2.79528 -0.9639, 2.79512 -1.81914, 3.64857 -1.81914, 3.64841 -0.9639, 2.79528 -0.9639))"
117,47,"POLYGON ((0.93693 -0.09664, 0.93687 -0.9518799999999999, 1.79 -0.9518799999999999, 1.78995 -0.09664, 0.93693 -0.09664))"
118,47,"POLYGON ((0.07204000000000001 -0.0948, 0.07199 -0.95004, 0.9251200000000001 -0.95004, 0.92506 -0.0948, 0.07204000000000001 -0.0948))"
119,47,"POLYGON ((0.07006999999999999 -0.96127, 0.06991 -1.81651, 0.92336 -1.81651, 0.9232 -0.96127, 0.07006999999999999 -0.96127))"
120,47,"POLYGON ((0.93516 -0.96309, 0.9350000000000001 -1.81832, 1.78845 -1.81832, 1.7883 -0.96309, 0.93516 -0.96309))"
121,47,"POLYGON ((-0.91503 -0.08884, -0.91509 -0.94408, -0.06196 -0.94408, -0.06201 -0.08884, -0.91503 -0.08884))"
122,47,"POLYGON ((-1.77997 -0.08744, -1.78003 -0.94268, -0.92689 -0.94268, -0.9269500000000001 -0.08744, -1.77997 -0.08744))"
123,47,"POLYGON ((-1.78154 -0.95386, -1.78169 -1.8091, -0.92825 -1.8091, -0.9284 -0.95386, -1.78154 -0.95386))"
124,47,"POLYGON ((-0.91649 -0.9553199999999999, -0.91664 -1.81056, -0.06320000000000001 -1.81056, -0.06336 -0.9553199999999999, -0.91649 -0.9553199999999999))"
125,47,"POLYGON ((-2.77631 -0.08434, -2.77637 -0.93958, -1.92324 -0.93958, -1.92329 -0.08434, -2.77631 -0.08434))"
126,47,"POLYGON ((-3.64111 -0.08357000000000001, -3.64116 -0.93881, -2.78803 -0.93881, -2.78809 -0.08357000000000001, -3.64111 -0.08357000000000001))"
127,47,"POLYGON ((-3.6421 -0.94974, -3.64225 -1.80497, -2.78881 -1.80497, -2.78896 -0.94974, -3.6421 -0.94974))"
128,47,"POLYGON ((-2.77714 -0.9506599999999999, -2.7773 -1.8059, -1.92386 -1.8059, -1.92401 -0.9506599999999999, -2.77714 -0.9506599999999999))"
129,47,"POLYGON ((2.80143 1.81408, 2.80159 0.95885, 3.65472 0.95885, 3.65488 1.81408, 2.80143 1.81408))"
130,47,"POLYGON ((1.9364 1.81616, 1.93655 0.96092, 2.78969 0.96092, 2.78984 1.81616, 1.9364 1.81616))"
131,47,"POLYGON ((1.93445 0.94981, 1.93451 0.09457, 2.78753 0.09457, 2.78759 0.94981, 1.93445 0.94981))"
132,47,"POLYGON ((2.79936 0.94777, 2.79942 0.09253, 3.65244 0.09253, 3.65249 0.94777, 2.79936 0.94777))"
133,47,"POLYGON ((0.9413899999999999 1.82119, 0.94154 0.96595, 1.79468 0.96595, 1.79484 1.82119, 0.9413899999999999 1.82119))"
134,47,"POLYGON ((0.07625999999999999 1.82311, 0.07641000000000001 0.96787, 0.92955 0.96787, 0.92971 1.82311, 0.07625999999999999 1.82311))"
135,47,"POLYGON ((0.07459 0.9565900000000001, 0.07464999999999999 0.10135, 0.92766 0.10135, 0.92772 0.9565900000000001, 0.07459 0.9565900000000001))"
136,47,"POLYGON ((0.93951 0.9547099999999999, 0.93957 0.09948, 1.79259 0.09948, 1.79265 0.9547099999999999, 0.93951 0.9547099999999999))"
137,47,"POLYGON ((-0.90892 1.82654, -0.90877 0.9713000000000001, -0.05563 0.9713000000000001, -0.05547 1.82654, -0.90892 1.82654))"
138,47,"POLYGON ((-1.77404 1.82799, -1.77389 0.97275, -0.92075 0.97275, -0.92059 1.82799, -1.77404 1.82799))"
141,47,"POLYGON ((-2.76786 1.83019, -2.7677 0.97495, -1.91456 0.97495, -1.9144 1.83019, -2.76786 1.83019))"
142,47,"POLYGON ((-3.63294 1.83033, -3.63279 0.97509, -2.77965 0.97509, -2.77949 1.83033, -3.63294 1.83033))"
143,47,"POLYGON ((-3.63272 0.9640300000000001, -3.63266 0.10879, -2.77964 0.10879, -2.77958 0.9640300000000001, -3.63272 0.9640300000000001))"
144,47,"POLYGON ((-2.76785 0.9638099999999999, -2.7678 0.10857, -1.91478 0.10857, -1.91472 0.9638099999999999, -2.76785 0.9638099999999999))"
145,47,"POLYGON ((2.80906 3.72812, 2.80942 2.87288, 3.66351 2.87288, 3.66388 3.72812, 2.80906 3.72812))"
146,47,"POLYGON ((1.94298 3.73143, 1.94334 2.8762, 2.79744 2.8762, 2.7978 3.73143, 1.94298 3.73143))"
147,47,"POLYGON ((1.94017 2.86506, 1.94044 2.00982, 2.79398 2.00982, 2.79425 2.86506, 1.94017 2.86506))"
148,47,"POLYGON ((2.80568 2.86189, 2.80595 2.00665, 3.65949 2.00665, 3.65976 2.86189, 2.80568 2.86189))"
149,47,"POLYGON ((0.95001 3.7322, 0.95038 2.87696, 1.80447 2.87696, 1.80484 3.7322, 0.95001 3.7322))"
150,47,"POLYGON ((0.08384 3.73671, 0.0842 2.88147, 0.9383 2.88147, 0.93867 3.73671, 0.08384 3.73671))"
151,47,"POLYGON ((0.07994999999999999 2.87022, 0.08022 2.01498, 0.93377 2.01498, 0.93404 2.87022, 0.07994999999999999 2.87022))"
152,47,"POLYGON ((0.9455 2.86577, 0.94577 2.01054, 1.79932 2.01054, 1.79959 2.86577, 0.9455 2.86577))"
153,47,"POLYGON ((-0.90598 3.73914, -0.90561 2.8839, -0.05151 2.8839, -0.05114 3.73914, -0.90598 3.73914))"
154,47,"POLYGON ((-1.77213 3.73862, -1.77177 2.88338, -0.91767 2.88338, -0.9173 3.73862, -1.77213 3.73862))"
155,47,"POLYGON ((-1.7709 2.87218, -1.77063 2.01695, -0.91708 2.01695, -0.91681 2.87218, -1.7709 2.87218))"
156,47,"POLYGON ((-0.90528 2.87265, -0.90501 2.01741, -0.05147 2.01741, -0.05119 2.87265, -0.90528 2.87265))"
157,47,"POLYGON ((-2.76581 3.74155, -2.76544 2.88631, -1.91134 2.88631, -1.91097 3.74155, -2.76581 3.74155))"
158,47,"POLYGON ((-3.6319 3.74213, -3.63153 2.8869, -2.77743 2.8869, -2.77706 3.74213, -3.6319 3.74213))"
159,47,"POLYGON ((-3.63165 2.87585, -3.63138 2.02061, -2.77783 2.02061, -2.77756 2.87585, -3.63165 2.87585))"
160,47,"POLYGON ((-2.76613 2.87522, -2.76586 2.01999, -1.91231 2.01999, -1.91204 2.87522, -2.76613 2.87522))"
161,48,"POLYGON ((-0.3018 0.4527, 0.3018 0.4527, 0.3018 -0.4527, -0.3018 -0.4527, -0.3018 0.4527))"
162,49,"POLYGON ((57.65625 17.58278, 56.95312 19.47122, 56.25 21.38194, 55.54687 22.02431, 54.14062 24.62432, 53.4375 25.2826, 52.73438 25.94448, 52.03125 26.6101, 51.32813 27.27961, 50.625 27.95319, 49.92187 28.63099, 46.40625 30.69159, 45.70312 31.38817, 42.89062 32.79717, 42.1875 33.51006, 40.07812 34.22887, 37.26562 35.68533, 35.15625 36.42357, 28.82812 38.68219, 23.20312 40.22818, 18.28125 41.0145, 13.35938 41.81031, 11.95312 41.81031, 3.57143 42.60981, 2.14286 42.60981, 0.71429 42.60981, -0.7142900000000054 42.60981, -2.142859999999985 42.60981, -3.571430000000021 42.60981, -11.95312000000001 41.81031, -13.35937999999999 41.81031, -18.28125 41.0145, -23.20312000000001 40.22818, -28.82812000000001 38.68219, -35.15625 36.42357, -37.26562000000001 35.68533, -40.07812999999999 34.22887, -42.1875 33.51006, -42.89062999999999 32.79717, -45.70312000000001 31.38817, -46.40625 30.69159, -49.92187999999999 28.63099, -50.625 27.95319, -51.32812000000001 27.27961, -52.03125 26.6101, -52.73437999999999 25.94448, -53.4375 25.2826, -54.14062000000001 24.62432, -55.54687999999999 22.02431, -56.25 21.38194, -56.95312000000001 19.47122, -57.65625 17.58278, -58.35937999999999 14.47751, -59.0625 11.41516, -59.0625 10.19992, -59.0625 8.9893, -59.0625 7.78271, -59.0625 6.57959, -61.17187999999999 2.38802, -60.46875 0.59684, -59.76562000000001 -1.19375, -59.0625 -2.98551, -58.35937999999999 -3.58332, -57.65625 -5.37938, -56.95312000000001 -7.18076, -56.25 -8.9893, -55.54687999999999 -9.59407, -54.84375 -11.41516, -54.14062000000001 -13.24801, -53.4375 -13.86195, -52.73437999999999 -15.71386, -52.03125 -17.58278, -51.32812000000001 -18.20996, -50.625 -20.10551, -49.92187999999999 -20.74238, -49.21875 -22.66961, -48.51562000000001 -23.31796, -47.8125 -23.96948, -45.70312000000001 -27.27961, -45 -27.95319, -44.29687999999999 -28.63099, -43.59375 -29.3132, -42.89062999999999 -30, -40.07812999999999 -31.38817, -39.375 -32.08995, -38.67187999999999 -32.79717, -35.85937999999999 -34.22887, -35.15625 -34.95387, -33.04687999999999 -35.68533, -30.9375 -36.42357, -30.23437999999999 -37.1689, -28.125 -37.92165, -26.01562999999999 -38.68219, -24.60937999999999 -38.68219, -22.5 -39.45089, -20.39062000000001 -40.22818, -18.98437999999999 -40.22818, -15.46875 -41.0145, -11.95312000000001 -41.81031, -10.54687999999999 -41.81031, -3.571430000000021 -42.60981, -2.142859999999985 -42.60981, -0.7142900000000054 -42.60981, 0.71429 -42.60981, 2.14286 -42.60981, 3.57143 -42.60981, 10.54688 -41.81031, 11.95312 -41.81031, 15.46875 -41.0145, 18.98438 -40.22818, 20.39062 -40.22818, 22.5 -39.45089, 24.60938 -38.68219, 26.01562 -38.68219, 28.125 -37.92165, 30.23438 -37.1689, 30.9375 -36.42357, 33.04687 -35.68533, 35.15625 -34.95387, 35.85938 -34.22887, 38.67187 -32.79717, 39.375 -32.08995, 40.07812 -31.38817, 42.89062 -30, 43.59375 -29.3132, 44.29688 -28.63099, 45 -27.95319, 45.70312 -27.27961, 47.8125 -23.96948, 48.51562 -23.31796, 49.21875 -22.66961, 49.92187 -20.74238, 50.625 -20.10551, 51.32813 -18.20996, 52.03125 -17.58278, 52.73438 -15.71386, 53.4375 -13.86195, 54.14062 -13.24801, 54.84375 -11.41516, 55.54687 -9.59407, 56.25 -8.9893, 56.95312 -7.18076, 57.65625 -5.37938, 58.35937 -3.58332, 59.0625 -2.98551, 59.76562 -1.19375, 60.46875 0.59684, 61.17187 2.38802, 59.0625 6.57959, 59.0625 7.78271, 59.0625 8.9893, 59.0625 10.19992, 59.0625 11.41516, 58.35937 14.47751, 57.65625 17.58278))"
163,50,"POLYGON ((-0.1333 0.1333, 0.1333 0.1333, 0.1333 -0.1333, -0.1333 -0.1333, -0.1333 0.1333))"
165,52,"POLYGON ((0 0, 0 0.23685, 0.10853 0.23685, 0.10853 0, 0 0))"
166,52,"POLYGON ((0.10853 0, 0.10853 0.23685, 0.21707 0.23685, 0.21707 0, 0.10853 0))"
167,52,"POLYGON ((-0.10853 0, -0.10853 0.23685, 0 0.23685, 0 0, -0.10853 0))"
168,52,"POLYGON ((0.21707 0, 0.21707 0.23685, 0.3256 0.23685, 0.3256 0, 0.21707 0))"
169,52,"POLYGON ((-0.21707 0, -0.21707 0.23685, -0.10853 0.23685, -0.10853 0, -0.21707 0))"
170,52,"POLYGON ((0.3256 0, 0.3256 0.23685, 0.43413 0.23685, 0.43413 0, 0.3256 0))"
171,52,"POLYGON ((-0.3256 0, -0.3256 0.23685, -0.21707 0.23685, -0.21707 0, -0.3256 0))"
172,52,"POLYGON ((0.43413 0, 0.43413 0.23685, 0.54267 0.23685, 0.54267 0, 0.43413 0))"
173,52,"POLYGON ((-0.43413 0, -0.43413 0.23685, -0.3256 0.23685, -0.3256 0, -0.43413 0))"
174,52,"POLYGON ((0.54267 0, 0.54267 0.23685, 0.6512 0.23685, 0.6512 0, 0.54267 0))"
175,52,"POLYGON ((-0.54267 0, -0.54267 0.23685, -0.43413 0.23685, -0.43413 0, -0.54267 0))"
176,52,"POLYGON ((0 -0.23685, 0 0, 0.10853 0, 0.10853 -0.23685, 0 -0.23685))"
177,52,"POLYGON ((0.10853 -0.23685, 0.10853 0, 0.21707 0, 0.21707 -0.23685, 0.10853 -0.23685))"
178,52,"POLYGON ((-0.10853 -0.23685, -0.10853 0, 0 0, 0 -0.23685, -0.10853 -0.23685))"
179,52,"POLYGON ((0.21707 -0.23685, 0.21707 0, 0.3256 0, 0.3256 -0.23685, 0.21707 -0.23685))"
180,52,"POLYGON ((-0.21707 -0.23685, -0.21707 0, -0.10853 0, -0.10853 -0.23685, -0.21707 -0.23685))"
181,52,"POLYGON ((0.3256 -0.23685, 0.3256 0, 0.43413 0, 0.43413 -0.23685, 0.3256 -0.23685))"
182,52,"POLYGON ((-0.3256 -0.23685, -0.3256 0, -0.21707 0, -0.21707 -0.23685, -0.3256 -0.23685))"
183,52,"POLYGON ((0.43413 -0.23685, 0.43413 0, 0.54267 0, 0.54267 -0.23685, 0.43413 -0.23685))"
184,52,"POLYGON ((-0.43413 -0.23685, -0.43413 0, -0.3256 0, -0.3256 -0.23685, -0.43413 -0.23685))"
185,52,"POLYGON ((0.54267 -0.23685, 0.54267 0, 0.6512 0, 0.6512 -0.23685, 0.54267 -0.23685))"
186,52,"POLYGON ((-0.54267 -0.23685, -0.54267 0, -0.43413 0, -0.43413 -0.23685, -0.54267 -0.23685))"
187,52,"POLYGON ((0 0.23685, 0 0.4737, 0.10853 0.4737, 0.10853 0.23685, 0 0.23685))"
188,52,"POLYGON ((0 -0.4737, 0 -0.23685, 0.10853 -0.23685, 0.10853 -0.4737, 0 -0.4737))"
189,52,"POLYGON ((0.10853 0.23685, 0.10853 0.4737, 0.21707 0.4737, 0.21707 0.23685, 0.10853 0.23685))"
190,52,"POLYGON ((0.10853 -0.4737, 0.10853 -0.23685, 0.21707 -0.23685, 0.21707 -0.4737, 0.10853 -0.4737))"
191,52,"POLYGON ((-0.10853 0.23685, -0.10853 0.4737, 0 0.4737, 0 0.23685, -0.10853 0.23685))"
192,52,"POLYGON ((-0.10853 -0.4737, -0.10853 -0.23685, 0 -0.23685, 0 -0.4737, -0.10853 -0.4737))"
193,52,"POLYGON ((0.21707 0.23685, 0.21707 0.4737, 0.3256 0.4737, 0.3256 0.23685, 0.21707 0.23685))"
194,52,"POLYGON ((0.21707 -0.4737, 0.21707 -0.23685, 0.3256 -0.23685, 0.3256 -0.4737, 0.21707 -0.4737))"
195,52,"POLYGON ((-0.21707 0.23685, -0.21707 0.4737, -0.10853 0.4737, -0.10853 0.23685, -0.21707 0.23685))"
196,52,"POLYGON ((-0.21707 -0.4737, -0.21707 -0.23685, -0.10853 -0.23685, -0.10853 -0.4737, -0.21707 -0.4737))"
197,52,"POLYGON ((0.3256 0.23685, 0.3256 0.4737, 0.43413 0.4737, 0.43413 0.23685, 0.3256 0.23685))"
198,52,"POLYGON ((0.3256 -0.4737, 0.3256 -0.23685, 0.43413 -0.23685, 0.43413 -0.4737, 0.3256 -0.4737))"
199,52,"POLYGON ((-0.3256 0.23685, -0.3256 0.4737, -0.21707 0.4737, -0.21707 0.23685, -0.3256 0.23685))"
200,52,"POLYGON ((-0.3256 -0.4737, -0.3256 -0.23685, -0.21707 -0.23685, -0.21707 -0.4737, -0.3256 -0.4737))"
201,52,"POLYGON ((0.43413 0.23685, 0.43413 0.4737, 0.54267 0.4737, 0.54267 0.23685, 0.43413 0.23685))"
202,52,"POLYGON ((0.43413 -0.4737, 0.43413 -0.23685, 0.54267 -0.23685, 0.54267 -0.4737, 0.43413 -0.4737))"
203,52,"POLYGON ((-0.43413 0.23685, -0.43413 0.4737, -0.3256 0.4737, -0.3256 0.23685, -0.43413 0.23685))"
204,52,"POLYGON ((-0.43413 -0.4737, -0.43413 -0.23685, -0.3256 -0.23685, -0.3256 -0.4737, -0.43413 -0.4737))"
205,53,"POLYGON ((-0.0542 0.1125, 0.0542 0.1125, 0.0542 -0.1125, -0.0542 -0.1125, -0.0542 0.1125))"
206,54,"POLYGON ((-0.0542 0.0542, 0.0542 0.0542, 0.0542 -0.0542, -0.0542 -0.0542, -0.0542 0.0542))"
207,55,"POLYGON ((0 1.5, 0.4635 1.4266, 0.8817 1.2135, 1.2135 0.8817, 1.4266 0.4635, 1.5 0, 1.4266 -0.4635, 1.2135 -0.8817, 0.8817 -1.2135, 0.4635 -1.4266, 0 -1.5, -0.4635 -1.4266, -0.8817 -1.2135, -1.2135 -0.8817, -1.4266 -0.4635, -1.5 0, -1.4266 0.4635, -1.2135 0.8817, -0.8817 1.2135, -0.4635 1.4266, 0 1.5))"
208,56,"POLYGON ((-0.08749999999999999 0.08749999999999999, 0.08749999999999999 0.08749999999999999, 0.08749999999999999 -0.08749999999999999, -0.08749999999999999 -0.08749999999999999, -0.08749999999999999 0.08749999999999999))"
209,57,"POLYGON ((-0.4742 0.4742, 0.4742 0.4742, 0.4742 -0.4742, -0.4742 -0.4742, -0.4742 0.4742))"
210,58,"POLYGON ((-0.625 0.4167, 0.625 0.4167, 0.625 -0.4167, -0.625 -0.4167, -0.625 0.4167))"
215,60,"POLYGON ((0.48375 -35.68681, 3.4458 -35.63416, 6.38082 -35.51055, 9.26671 -35.31935, 12.08269 -35.06575, 14.80865 -34.7567, 14.38083 -32.45728, 13.96412 -30.17389, 13.55777 -27.92068, 13.16059 -25.71209, 12.77126 -23.5627, 10.39758 -23.68798, 7.95668 -23.79461, 5.46455 -23.87755, 2.93743 -23.93291, 0.39157 -23.95824, 0.40843 -26.21478, 0.42602 -28.52986, 0.44441 -30.88942, 0.46364 -33.27976, 0.48375 -35.68681))"
216,60,"POLYGON ((-14.70493 -34.8308, -11.97562 -35.12823, -9.15672 -35.36972, -6.26852 -35.54841, -3.33187 -35.65924, -0.36895 -35.69891, -0.36436 -33.29178, -0.35969 -30.90129, -0.35496 -28.54153, -0.35017 -26.22619, -0.34527 -23.96934, -2.89161 -23.95547, -5.41943 -23.91145, -7.91245 -23.83963, -10.3544 -23.74384, -12.72921 -23.62903, -13.10767 -25.78002, -13.49326 -27.99018, -13.8873 -30.24495, -14.29095 -32.52987, -14.70493 -34.8308))"
217,60,"POLYGON ((-17.03128 -46.62409, -13.92527 -47.10878, -10.67781 -47.50214, -7.31929 -47.79387, -3.88334 -47.97631, -0.40577 -48.04453, -0.40023 -45.78678, -0.39445 -43.47074, -0.38857 -41.11047, -0.38263 -38.71966, -0.37664 -36.3124, -3.36259 -36.27015, -6.32159 -36.15464, -9.23104 -35.96925, -12.06969 -35.71922, -14.81695 -35.41152, -15.24534 -37.71256, -15.68343 -39.99825, -16.12941 -42.25471, -16.58017 -44.46798, -17.03128 -46.62409))"
218,60,"POLYGON ((0.60531 -48.04468, 4.08187 -47.96217, 7.51513 -47.76566, 10.86945 -47.46022, 14.11145 -47.05369, 17.21103 -46.55648, 16.74218 -44.40193, 16.27452 -42.19018, 15.81247 -39.93521, 15.35916 -37.65095, 14.91634 -35.35128, 12.17177 -35.67049, 9.33539 -35.93246, 6.42764 -36.13011, 3.4697 -36.25812, 0.48413 -36.313, 0.5063299999999999 -38.7202, 0.52954 -41.11094, 0.55378 -43.47111, 0.57907 -45.78705, 0.60531 -48.04468))"
219,60,"POLYGON ((0.34208 -11.72273, 2.79962 -11.71446, 5.23966 -11.68577, 7.64735 -11.63749, 10.00829 -11.571, 12.30801 -11.48812, 12.20126 -9.1646, 12.08523 -6.85719, 11.95967 -4.58, 11.82372 -2.34743, 11.6758 -0.17465, 9.500030000000001 -0.11237, 7.26451 -0.06461, 4.98436 -0.02961, 2.67398 -0.00629, 0.34743 0.0059, 0.34712 -2.25101, 0.3464 -4.56625, 0.34531 -6.92591, 0.34387 -9.316140000000001, 0.34208 -11.72273))"
220,60,"POLYGON ((-12.33872 -11.42469, -10.03863 -11.51729, -7.67747 -11.59385, -5.26964 -11.65244, -2.82956 -11.69164, -0.37207 -11.71055, -0.36311 -9.304, -0.35404 -6.91387, -0.34491 -4.55437, -0.3357 -2.23936, -0.32641 0.01725, -2.65302 0.01568, -4.96378 0.00287, -7.2446 -0.0218, -9.481120000000001 -0.05948, -11.65823 -0.112, -11.8152 -2.28442, -11.96053 -4.51673, -12.09578 -6.79377, -12.22176 -9.10112, -12.33872 -11.42469))"
221,60,"POLYGON ((-12.7711 -23.36217, -10.41145 -23.60256, -7.978 -23.79588, -5.48896 -23.93981, -2.96208 -24.03245, -0.41492 -24.07246, -0.40674 -21.81651, -0.39824 -19.50202, -0.38951 -17.14291, -0.3806 -14.75303, -0.37153 -12.34657, -2.83483 -12.32631, -5.28061 -12.28406, -7.69395 -12.22078, -10.06036 -12.13798, -12.36535 -12.03761, -12.47071 -14.36171, -12.56581 -16.67041, -12.64923 -18.9497, -12.71875 -21.18528, -12.7711 -23.36217))"
222,60,"POLYGON ((0.31703 -24.07514, 2.86436 -24.04703, 5.39167 -23.96617, 7.88134 -23.83381, 10.3156 -23.65174, 12.67616 -23.42218, 12.63631 -21.24566, 12.57915 -19.01035, 12.50793 -16.73125, 12.42484 -14.42268, 12.33126 -12.09866, 10.02654 -12.18793, 7.6603 -12.25927, 5.24707 -12.3108, 2.80135 -12.34113, 0.33808 -12.34935, 0.33466 -14.75581, 0.33085 -17.14568, 0.32667 -19.50477, 0.32207 -21.81923, 0.31703 -24.07514))"
223,60,"POLYGON ((-11.65066 0.12289, -9.474030000000001 0.07174999999999999, -7.2378 0.03548, -4.95712 0.0122, -2.64635 0.00076, -0.31957 0.00054, -0.33055 2.25779, -0.34147 4.57338, -0.35234 6.93331, -0.36315 9.323600000000001, -0.37387 11.73001, -2.83118 11.70933, -5.27103 11.66832, -7.67854 11.60789, -10.03918 11.52951, -12.33844 11.4351, -12.22004 9.111929999999999, -12.09259 6.80483, -11.95588 4.52787, -11.80909 2.2955, -11.65066 0.12289))"
224,60,"POLYGON ((0.342 -0.00098, 2.66878 0.01312, 4.97961 0.03832, 7.26042 0.07513, 9.49685 0.12459, 11.67375 0.18849, 11.81912 2.3622, 11.95249 4.59564, 12.07548 6.8736, 12.18894 9.18168, 12.29309 11.50579, 9.99212 11.58646, 7.63011 11.65062, 5.22158 11.69646, 2.78111 11.72264, 0.32357 11.72835, 0.32803 9.32193, 0.33212 6.93165, 0.33582 4.57174, 0.33913 2.2562, 0.342 -0.00098))"
225,60,"POLYGON ((0.32052 12.3595, 2.78382 12.35276, 5.22996 12.32388, 7.64399 12.27371, 10.01125 12.20364, 12.31715 12.11555, 12.40916 14.43996, 12.49069 16.7488, 12.56036 19.02802, 12.616 21.26332, 12.65433 23.43966, 10.29253 23.66757, 7.85731 23.84785, 5.367 23.97833, 2.83938 24.05722, 0.29206 24.0833, 0.29854 21.82806, 0.3046 19.51403, 0.31027 17.15524, 0.31558 14.76565, 0.32052 12.3595))"
226,60,"POLYGON ((-12.36982 12.02663, -10.066 12.12832, -7.70043 12.21251, -5.2877 12.27722, -2.84243 12.32094, -0.37956 12.3427, -0.39015 14.74887, -0.4006 17.13858, -0.41085 19.49759, -0.42085 21.8119, -0.43049 24.06753, -2.97717 24.02557, -5.50329 23.931, -7.99125 23.78518, -10.42335 23.59004, -12.7813 23.34788, -12.72796 21.17176, -12.65732 18.93688, -12.57274 16.65824, -12.47643 14.35015, -12.36982 12.02663))"
227,60,"POLYGON ((-12.75285 23.62748, -10.37793 23.74922, -7.93548 23.85249, -5.44202 23.93172, -2.91379 23.98301, -0.36702 24.00397, -0.37894 26.26186, -0.39126 28.57767, -0.40403 30.93748, -0.41728 33.32745, -0.43102 35.73341, -3.39328 35.68597, -6.32908 35.56738, -9.216200000000001 35.38096, -12.03362 35.13187, -14.76127 34.82698, -14.33995 32.52757, -13.92941 30.24363, -13.52896 27.98923, -13.13737 25.77881, -12.75285 23.62748))"
228,60,"POLYGON ((0.36468 23.99372, 2.91107 23.97578, 5.43888 23.92754, 7.9319 23.85135, 10.37387 23.75113, 12.74825 23.63241, 13.13013 25.78355, 13.51886 27.99386, 13.91623 30.24824, 14.32349 32.53224, 14.74132 34.83179, 12.01374 35.13355, 9.196440000000001 35.37947, 6.30953 35.56268, 3.37401 35.67806, 0.41213 35.7223, 0.40217 33.31638, 0.39246 30.92651, 0.38299 28.56688, 0.37374 26.2513, 0.36468 23.99372))"
229,60,"POLYGON ((0.41807 36.37686, 3.40448 36.33005, 6.36384 36.20984, 9.27345 36.01964, 12.11187 35.76476, 14.85866 35.45219, 15.29123 37.75124, 15.73369 40.03434, 16.18425 42.28767, 16.6396 44.49728, 17.09435 46.64879, 13.99216 47.13858, 10.74718 47.53677, 7.39065 47.83341, 3.95619 48.02089, 0.4795 48.09422, 0.46672 45.84056, 0.45411 43.52806, 0.44178 41.17067, 0.42976 38.78222, 0.41807 36.37686))"
230,60,"POLYGON ((-14.87486 35.43941, -12.12807 35.75424, -9.28969 36.01142, -6.38012 36.20396, -3.4208 36.32654, -0.43443 36.37574, -0.44921 38.78111, -0.46454 41.16956, -0.48041 43.52695, -0.4968 45.83947, -0.51363 48.09314, -3.99019 48.01731, -7.42437 47.82737, -10.78051 47.5283, -14.02502 47.12776, -17.12674 46.63569, -16.66832 44.48425, -16.20953 42.27471, -15.75576 40.02145, -15.31027 37.73841, -14.87486 35.43941))"
231,61,"POLYGON ((-0.0417 0.0417, 0.0417 0.0417, 0.0417 -0.0417, -0.0417 -0.0417, -0.0417 0.0417))"
232,62,"POLYGON ((-0.0417 0.0417, 0.0417 0.0417, 0.0417 -0.0417, -0.0417 -0.0417, -0.0417 0.0417))"
233,63,"POLYGON ((-0.0417 0.0417, 0.0417 0.0417, 0.0417 -0.0417, -0.0417 -0.0417, -0.0417 0.0417))"
234,64,"POLYGON ((-0.0417 0.0417, 0.0417 0.0417, 0.0417 -0.0417, -0.0417 -0.0417, -0.0417 0.0417))"
235,65,"POLYGON ((-2.7386 2.7386, 2.7386 2.7386, 2.7386 -2.7386, -2.7386 -2.7386, -2.7386 2.7386))"
236,66,"POLYGON ((0 13.9345, 4.306 13.2525, 8.1905 11.2732, 11.2732 8.1905, 13.2525 4.306, 13.9345 0, 13.2525 -4.306, 11.2732 -8.1905, 8.1905 -11.2732, 4.306 -13.2525, 0 -13.9345, -4.306 -13.2525, -8.1905 -11.2732, -11.2732 -8.1905, -13.2525 -4.306, -13.9345 0, -13.2525 4.306, -11.2732 8.1905, -8.1905 11.2732, -4.306 13.2525, 0 13.9345))"
237,67,"POLYGON ((0.5 60, 0.5 -60, -0.5 -60, -0.5 60, 0.5 60))"
238,68,"POLYGON ((-0.2487 0.2476, 0.2487 0.2476, 0.2487 -0.2476, -0.2487 -0.2476, -0.2487 0.2476))"
239,69,"POLYGON ((0 0.75, 0.2318 0.7133, 0.4408 0.6068, 0.6068 0.4408, 0.7133 0.2318, 0.75 0, 0.7133 -0.2318, 0.6068 -0.4408, 0.4408 -0.6068, 0.2318 -0.7133, 0 -0.75, -0.2318 -0.7133, -0.4408 -0.6068, -0.6068 -0.4408, -0.7133 -0.2318, -0.75 0, -0.7133 0.2318, -0.6068 0.4408, -0.4408 0.6068, -0.2318 0.7133, 0 0.75))"
240,70,"POLYGON ((0 0.75, 0.2318 0.7133, 0.4408 0.6068, 0.6068 0.4408, 0.7133 0.2318, 0.75 0, 0.7133 -0.2318, 0.6068 -0.4408, 0.4408 -0.6068, 0.2318 -0.7133, 0 -0.75, -0.2318 -0.7133, -0.4408 -0.6068, -0.6068 -0.4408, -0.7133 -0.2318, -0.75 0, -0.7133 0.2318, -0.6068 0.4408, -0.4408 0.6068, -0.2318 0.7133, 0 0.75))"
241,71,"POLYGON ((-1.85 2.45, 1.85 2.45, 1.85 -2.45, -1.85 -2.45, -1.85 2.45))"
242,72,"POLYGON ((-0.1732 0.1732, 0.1732 0.1732, 0.1732 -0.1732, -0.1732 -0.1732, -0.1732 0.1732))"
243,73,"POLYGON ((-0.0543 0.0526, 0.0543 0.0526, 0.0543 -0.0526, -0.0543 -0.0526, -0.0543 0.0526))"
244,74,"POLYGON ((-0.0508 0.0508, 0.0508 0.0508, 0.0508 -0.0508, -0.0508 -0.0508, -0.0508 0.0508))"
245,75,"POLYGON ((-0.0558 0.0558, 0.0558 0.0558, 0.0558 -0.0558, -0.0558 -0.0558, -0.0558 0.0558))"
246,76,"POLYGON ((-3.38451 -3.44777, -3.36916 3.46972, 3.3965 3.45774, 3.37814 -3.46122, -3.38451 -3.44777))"
247,77,"POLYGON ((0.1653 0.8309299999999999, 0.1653 0.9833, 0.45774 0.9833, 0.45774 0.8309299999999999, 0.61546 0.8309299999999999, 0.61546 0.65315, 0.77646 0.65315, 0.77646 0.49512, 0.92761 0.49512, 0.92761 0.17061, 1.08862 0.17061, 1.08862 0.07467, 0.78961 0.07467, 0.78961 -0.009849999999999999, 1.08862 -0.009849999999999999, 1.08862 -0.17061, 0.92761 -0.17061, 0.92761 -0.49512, 0.77646 -0.49512, 0.77646 -0.65315, 0.61546 -0.65315, 0.61546 -0.8309299999999999, 0.45774 -0.8309299999999999, 0.45774 -0.9833, 0.1653 -0.9833, 0.1653 -0.8309299999999999, -0.1653 -0.8309299999999999, -0.1653 -0.9833, -0.45774 -0.9833, -0.45774 -0.8309299999999999, -0.61546 -0.8309299999999999, -0.61546 -0.65315, -0.77646 -0.65315, -0.77646 -0.49512, -0.92761 -0.49512, -0.92761 -0.17061, -1.08862 -0.17061, -1.08862 0.17061, -0.92761 0.17061, -0.92761 0.49512, -0.77646 0.49512, -0.77646 0.65315, -0.61546 0.65315, -0.61546 0.8309299999999999, -0.45774 0.8309299999999999, -0.45774 0.9833, -0.1653 0.9833, -0.1653 0.8309299999999999, 0.1653 0.8309299999999999))"
